,date,stock_id,year,StockEarningsDistribution,StockStatutorySurplus,StockExDividendTradingDate,TotalEmployeeStockDividend,TotalEmployeeStockDividendAmount,RatioOfEmployeeStockDividendOfTotal,RatioOfEmployeeStockDividend,CashEarningsDistribution,CashStatutorySurplus,CashExDividendTradingDate,CashDividendPaymentDate,TotalEmployeeCashDividend,TotalNumberOfCashCapitalIncrease,CashIncreaseSubscriptionRate,CashIncreaseSubscriptionpRrice,RemunerationOfDirectorsAndSupervisors,ParticipateDistributionOfTotalShares,AnnouncementDate,AnnouncementTime
0,2020-03-25,2330,108年第3季,0.0,0.0,,0.0,0.0,0.0,0.0,2.5,0.0,2020-03-19,2020-04-16,0.0,0.0,0.0,0.0,0.0,25930380458.0,2019-11-14,17:01:07
1,2020-06-24,2330,108年第4季,0.0,0.0,,0.0,0.0,0.0,0.0,2.5,0.0,2020-06-18,2020-07-16,0.0,0.0,0.0,0.0,0.0,25930380458.0,2020-02-14,15:10:50
2,2020-09-23,2330,109年第1季,0.0,0.0,,0.0,0.0,0.0,0.0,2.5,0.0,2020-09-17,2020-10-15,0.0,0.0,0.0,0.0,0.0,25930380458.0,2020-05-14,10:51:55
3,2020-12-23,2330,109年第2季,0.0,0.0,,0.0,0.0,0.0,0.0,2.5,0.0,2020-12-17,2021-01-14,0.0,0.0,0.0,0.0,0.0,25930380458.0,2020-08-17,14:14:09
4,2021-03-23,2330,109年第3季,0.0,0.0,,0.0,0.0,0.0,0.0,2.5,0.0,2021-03-17,2021-04-15,0.0,0.0,0.0,0.0,0.0,25930380458.0,2020-11-12,17:05:40
5,2021-06-23,2330,109年第4季,0.0,0.0,,0.0,0.0,0.0,0.0,2.5,0.0,2021-06-17,2021-07-15,0.0,0.0,0.0,0.0,0.0,25930380458.0,2021-03-22,15:58:28
6,2021-09-22,2330,110年第1季,0.0,0.0,,0.0,0.0,0.0,0.0,2.75,0.0,2021-09-16,2021-10-14,0.0,0.0,0.0,0.0,0.0,25930380458.0,2021-06-16,16:04:33
7,2021-12-22,2330,110年第2季,0.0,0.0,,0.0,0.0,0.0,0.0,2.75,0.0,2021-12-16,2022-01-13,0.0,0.0,0.0,0.0,0.0,25930380458.0,2021-08-13,17:15:33
8,2022-03-22,2330,110年第3季,0.0,0.0,,0.0,0.0,0.0,0.0,2.75,0.0,2022-03-16,2022-04-14,0.0,0.0,0.0,0.0,0.0,25930380458.0,2022-03-01,18:07:32
9,2022-06-22,2330,110年第4季,0.0,0.0,,0.0,0.0,0.0,0.0,2.75,0.0,2022-06-16,2022-07-14,0.0,0.0,0.0,0.0,0.0,25930380458.0,2022-05-18,18:08:54
10,2022-09-21,2330,111年第1季,0.0,0.0,,0.0,0.0,0.0,0.0,2.75,0.0,2022-09-15,2022-10-13,0.0,0.0,0.0,0.0,0.0,25930380458.0,2022-08-30,16:21:02
11,2022-12-21,2330,111年第2季,0.0,0.0,,0.0,0.0,0.0,0.0,2.75,0.0,2022-12-15,2023-01-12,0.0,0.0,0.0,0.0,0.0,25930380458.0,2022-11-30,15:47:04
,date,stock_id,year,StockEarningsDistribution,StockStatutorySurplus,StockExDividendTradingDate,TotalEmployeeStockDividend,TotalEmployeeStockDividendAmount,RatioOfEmployeeStockDividendOfTotal,RatioOfEmployeeStockDividend,CashEarningsDistribution,CashStatutorySurplus,CashExDividendTradingDate,CashDividendPaymentDate,TotalEmployeeCashDividend,TotalNumberOfCashCapitalIncrease,CashIncreaseSubscriptionRate,CashIncreaseSubscriptionpRrice,RemunerationOfDirectorsAndSupervisors,ParticipateDistributionOfTotalShares,AnnouncementDate,AnnouncementTime
0,2020-07-31,2317,108年,0.0,0.0,,0.0,0.0,0.0,0.0,4.2,0.0,2020-07-23,2020-08-21,0.0,0.0,0.0,0.0,0.0,13862990609.0,2020-07-08,17:55:35
1,2021-07-30,2317,109年,0.0,0.0,,0.0,0.0,0.0,0.0,4.0,0.0,2021-07-22,2021-08-20,0.0,0.0,0.0,0.0,0.0,13862990609.0,2021-07-07,17:03:38
2,2022-07-10,2317,110年,0.0,0.0,,0.0,0.0,0.0,0.0,5.2,0.0,2022-07-04,2022-07-28,0.0,0.0,0.0,0.0,0.0,13862990609.0,2022-06-08,17:46:35
,date,stock_id,year,StockEarningsDistribution,StockStatutorySurplus,StockExDividendTradingDate,TotalEmployeeStockDividend,TotalEmployeeStockDividendAmount,RatioOfEmployeeStockDividendOfTotal,RatioOfEmployeeStockDividend,CashEarningsDistribution,CashStatutorySurplus,CashExDividendTradingDate,CashDividendPaymentDate,TotalEmployeeCashDividend,TotalNumberOfCashCapitalIncrease,CashIncreaseSubscriptionRate,CashIncreaseSubscriptionpRrice,RemunerationOfDirectorsAndSupervisors,ParticipateDistributionOfTotalShares,AnnouncementDate,AnnouncementTime
0,2020-07-12,2454,108年,0.0,0.0,,0.0,0.0,0.0,0.0,5.00040913,5.50045004,2020-07-06,2020-07-30,0.0,0.0,0.0,0.0,0.0,1588720433.0,2020-06-18,14:05:12
1,2021-07-12,2454,109年,0.0,0.0,,0.0,0.0,0.0,0.0,21.0,16.0,2021-07-06,2021-07-29,0.0,0.0,0.0,0.0,0.0,1590394481.0,2021-06-21,17:37:04
2,2022-07-01,2454,110年,0.0,0.0,,0.0,0.0,0.0,0.0,57.00082799,16.00023241,2022-06-23,2022-07-21,0.0,0.0,0.0,0.0,0.0,1599047755.0,2022-06-06,16:48:22
,date,stock_id,year,StockEarningsDistribution,StockStatutorySurplus,StockExDividendTradingDate,TotalEmployeeStockDividend,TotalEmployeeStockDividendAmount,RatioOfEmployeeStockDividendOfTotal,RatioOfEmployeeStockDividend,CashEarningsDistribution,CashStatutorySurplus,CashExDividendTradingDate,CashDividendPaymentDate,TotalEmployeeCashDividend,TotalNumberOfCashCapitalIncrease,CashIncreaseSubscriptionRate,CashIncreaseSubscriptionpRrice,RemunerationOfDirectorsAndSupervisors,ParticipateDistributionOfTotalShares,AnnouncementDate,AnnouncementTime
0,2020-07-08,2412,108年,0.0,0.0,,0.0,0.0,0.0,0.0,4.226,0.0,2020-07-02,2020-08-06,0.0,0.0,0.0,0.0,0.0,7757446545.0,2020-06-09,09:19:14
1,2021-08-31,2412,109年,0.0,0.0,,0.0,0.0,0.0,0.0,4.306,0.0,2021-08-25,2021-09-28,0.0,0.0,0.0,0.0,0.0,7757446545.0,2021-08-09,14:53:30
2,2022-07-07,2412,110年,0.0,0.0,,0.0,0.0,0.0,0.0,4.608,0.0,2022-06-30,2022-08-05,0.0,0.0,0.0,0.0,0.0,7757446545.0,2022-06-02,15:14:18
,date,stock_id,year,StockEarningsDistribution,StockStatutorySurplus,StockExDividendTradingDate,TotalEmployeeStockDividend,TotalEmployeeStockDividendAmount,RatioOfEmployeeStockDividendOfTotal,RatioOfEmployeeStockDividend,CashEarningsDistribution,CashStatutorySurplus,CashExDividendTradingDate,CashDividendPaymentDate,TotalEmployeeCashDividend,TotalNumberOfCashCapitalIncrease,CashIncreaseSubscriptionRate,CashIncreaseSubscriptionpRrice,RemunerationOfDirectorsAndSupervisors,ParticipateDistributionOfTotalShares,AnnouncementDate,AnnouncementTime
0,2020-06-23,6505,108年,0.0,0.0,,0.0,0.0,0.0,0.0,2.9,0.0,2020-06-17,2020-07-22,0.0,0.0,0.0,0.0,0.0,9525959652.0,2020-06-02,14:25:01
1,2021-07-31,6505,109年,0.0,0.0,,0.0,0.0,0.0,0.0,0.59,0.0,2021-07-23,2021-08-20,0.0,0.0,0.0,0.0,0.0,9525959652.0,2021-07-09,10:46:02
2,2022-06-27,6505,110年,0.0,0.0,,0.0,0.0,0.0,0.0,3.8,0.0,2022-06-21,2022-07-22,0.0,0.0,0.0,0.0,0.0,9525959652.0,2022-06-06,17:14:17
,date,stock_id,year,StockEarningsDistribution,StockStatutorySurplus,StockExDividendTradingDate,TotalEmployeeStockDividend,TotalEmployeeStockDividendAmount,RatioOfEmployeeStockDividendOfTotal,RatioOfEmployeeStockDividend,CashEarningsDistribution,CashStatutorySurplus,CashExDividendTradingDate,CashDividendPaymentDate,TotalEmployeeCashDividend,TotalNumberOfCashCapitalIncrease,CashIncreaseSubscriptionRate,CashIncreaseSubscriptionpRrice,RemunerationOfDirectorsAndSupervisors,ParticipateDistributionOfTotalShares,AnnouncementDate,AnnouncementTime
0,2020-07-08,2308,108年,0.0,0.0,,0.0,0.0,0.0,0.0,5.0,0.0,2020-07-02,2020-07-29,0.0,0.0,0.0,0.0,0.0,2597543329.0,2020-06-17,18:33:36
1,2021-07-26,2308,109年,0.0,0.0,,0.0,0.0,0.0,0.0,5.5,0.0,2021-07-20,2021-08-12,0.0,0.0,0.0,0.0,0.0,2597543329.0,2021-07-06,18:00:35
2,2022-07-05,2308,110年,0.0,0.0,,0.0,0.0,0.0,0.0,5.5,0.0,2022-06-29,2022-07-28,0.0,0.0,0.0,0.0,0.0,2597543329.0,2022-06-16,10:53:28
,date,stock_id,year,StockEarningsDistribution,StockStatutorySurplus,StockExDividendTradingDate,TotalEmployeeStockDividend,TotalEmployeeStockDividendAmount,RatioOfEmployeeStockDividendOfTotal,RatioOfEmployeeStockDividend,CashEarningsDistribution,CashStatutorySurplus,CashExDividendTradingDate,CashDividendPaymentDate,TotalEmployeeCashDividend,TotalNumberOfCashCapitalIncrease,CashIncreaseSubscriptionRate,CashIncreaseSubscriptionpRrice,RemunerationOfDirectorsAndSupervisors,ParticipateDistributionOfTotalShares,AnnouncementDate,AnnouncementTime
0,2020-07-07,2881,108年,0.0,0.0,,0.0,0.0,0.0,0.0,2.0,0.0,2020-07-01,2020-07-28,0.0,0.0,0.0,0.0,0.0,10233603995.0,2020-06-12,17:31:39
1,2021-08-01,2881,109年,0.0,0.0,,0.0,0.0,0.0,0.0,3.0,0.0,2021-07-26,2021-08-24,0.0,0.0,0.0,0.0,0.0,10233603995.0,2021-07-09,17:24:12
2,2022-08-02,2881,110年,0.0,0.0,,0.0,0.0,0.0,0.0,3.5,0.0,2022-07-27,2022-08-25,0.0,0.0,0.0,0.0,0.0,11804964394.0,2022-07-12,17:09:44
,date,stock_id,year,StockEarningsDistribution,StockStatutorySurplus,StockExDividendTradingDate,TotalEmployeeStockDividend,TotalEmployeeStockDividendAmount,RatioOfEmployeeStockDividendOfTotal,RatioOfEmployeeStockDividend,CashEarningsDistribution,CashStatutorySurplus,CashExDividendTradingDate,CashDividendPaymentDate,TotalEmployeeCashDividend,TotalNumberOfCashCapitalIncrease,CashIncreaseSubscriptionRate,CashIncreaseSubscriptionpRrice,RemunerationOfDirectorsAndSupervisors,ParticipateDistributionOfTotalShares,AnnouncementDate,AnnouncementTime
0,2020-07-13,1303,108年,0.0,0.0,,0.0,0.0,0.0,0.0,2.2,0.0,2020-07-07,2020-08-05,0.0,0.0,0.0,0.0,0.0,7930821589.0,2020-06-18,16:35:47
1,2021-08-03,1303,109年,0.0,0.0,,0.0,0.0,0.0,0.0,2.4,0.0,2021-07-28,2021-08-25,0.0,0.0,0.0,0.0,0.0,7930821589.0,2021-07-12,17:34:07
2,2022-07-12,1303,110年,0.0,0.0,,0.0,0.0,0.0,0.0,7.5,0.0,2022-07-06,2022-08-09,0.0,0.0,0.0,0.0,0.0,7930821589.0,2022-06-17,17:36:05
,date,stock_id,year,StockEarningsDistribution,StockStatutorySurplus,StockExDividendTradingDate,TotalEmployeeStockDividend,TotalEmployeeStockDividendAmount,RatioOfEmployeeStockDividendOfTotal,RatioOfEmployeeStockDividend,CashEarningsDistribution,CashStatutorySurplus,CashExDividendTradingDate,CashDividendPaymentDate,TotalEmployeeCashDividend,TotalNumberOfCashCapitalIncrease,CashIncreaseSubscriptionRate,CashIncreaseSubscriptionpRrice,RemunerationOfDirectorsAndSupervisors,ParticipateDistributionOfTotalShares,AnnouncementDate,AnnouncementTime
0,2020-07-08,1301,108年,0.0,0.0,,0.0,0.0,0.0,0.0,4.4,0.0,2020-07-02,2020-07-31,0.0,0.0,0.0,0.0,0.0,6365740781.0,2020-06-15,16:16:05
1,2021-08-07,1301,109年,0.0,0.0,,0.0,0.0,0.0,0.0,2.4,0.0,2021-07-30,2021-08-27,0.0,0.0,0.0,0.0,0.0,6365740781.0,2021-07-14,14:39:03
2,2022-07-11,1301,110年,0.0,0.0,,0.0,0.0,0.0,0.0,8.2,0.0,2022-07-05,2022-08-05,0.0,0.0,0.0,0.0,0.0,6365740781.0,2022-06-20,08:55:44
,date,stock_id,year,StockEarningsDistribution,StockStatutorySurplus,StockExDividendTradingDate,TotalEmployeeStockDividend,TotalEmployeeStockDividendAmount,RatioOfEmployeeStockDividendOfTotal,RatioOfEmployeeStockDividend,CashEarningsDistribution,CashStatutorySurplus,CashExDividendTradingDate,CashDividendPaymentDate,TotalEmployeeCashDividend,TotalNumberOfCashCapitalIncrease,CashIncreaseSubscriptionRate,CashIncreaseSubscriptionpRrice,RemunerationOfDirectorsAndSupervisors,ParticipateDistributionOfTotalShares,AnnouncementDate,AnnouncementTime
0,2020-07-07,2882,108年,0.0,0.0,,0.0,0.0,0.0,0.0,2.0,0.0,2020-07-01,2020-07-29,0.0,0.0,0.0,0.0,0.0,13169210128.0,2020-06-12,17:26:05
1,2021-08-01,2882,109年,0.0,0.0,,0.0,0.0,0.0,0.0,2.5,0.0,2021-07-26,2021-08-23,0.0,0.0,0.0,0.0,0.0,13169210128.0,2021-07-09,16:24:04
2,2022-07-10,2882,110年,0.0,0.0,,0.0,0.0,0.0,0.0,3.5,0.0,2022-07-04,2022-08-01,0.0,0.0,0.0,0.0,0.0,13169210128.0,2022-06-17,19:09:51
,date,stock_id,year,StockEarningsDistribution,StockStatutorySurplus,StockExDividendTradingDate,TotalEmployeeStockDividend,TotalEmployeeStockDividendAmount,RatioOfEmployeeStockDividendOfTotal,RatioOfEmployeeStockDividend,CashEarningsDistribution,CashStatutorySurplus,CashExDividendTradingDate,CashDividendPaymentDate,TotalEmployeeCashDividend,TotalNumberOfCashCapitalIncrease,CashIncreaseSubscriptionRate,CashIncreaseSubscriptionpRrice,RemunerationOfDirectorsAndSupervisors,ParticipateDistributionOfTotalShares,AnnouncementDate,AnnouncementTime
0,2020-07-21,2303,108年,0.0,0.0,,0.0,0.0,0.0,0.0,0.80395653,0.0,2020-07-15,2020-08-05,0.0,0.0,0.0,0.0,0.0,12146371493.0,2020-06-29,17:32:09
1,2021-07-30,2303,109年,0.0,0.0,,0.0,0.0,0.0,0.0,1.5998882,0.0,2021-07-22,2021-08-13,0.0,0.0,0.0,0.0,0.0,12423269493.0,2021-07-08,11:20:05
2,2022-06-28,2303,110年,0.0,0.0,,0.0,0.0,0.0,0.0,0.0,3.0,2022-06-22,2022-07-14,0.0,0.0,0.0,0.0,0.0,12482123484.0,2022-06-02,17:30:05
,date,stock_id,year,StockEarningsDistribution,StockStatutorySurplus,StockExDividendTradingDate,TotalEmployeeStockDividend,TotalEmployeeStockDividendAmount,RatioOfEmployeeStockDividendOfTotal,RatioOfEmployeeStockDividend,CashEarningsDistribution,CashStatutorySurplus,CashExDividendTradingDate,CashDividendPaymentDate,TotalEmployeeCashDividend,TotalNumberOfCashCapitalIncrease,CashIncreaseSubscriptionRate,CashIncreaseSubscriptionpRrice,RemunerationOfDirectorsAndSupervisors,ParticipateDistributionOfTotalShares,AnnouncementDate,AnnouncementTime
0,2020-08-01,2002,108年,0.0,0.0,,0.0,0.0,0.0,0.0,0.5,0.0,2020-07-24,2020-08-27,0.0,0.0,0.0,0.0,0.0,15734860997.0,2020-07-07,17:42:12
1,2021-09-06,2002,109年,0.0,0.0,,0.0,0.0,0.0,0.0,0.3,0.0,2021-08-31,2021-09-17,0.0,0.0,0.0,0.0,0.0,15734860997.0,2021-08-10,15:18:43
2,2022-08-01,2002,110年,0.0,0.0,,0.0,0.0,0.0,0.0,3.1,0.0,2022-07-26,2022-08-26,0.0,0.0,0.0,0.0,0.0,15734860997.0,2022-07-04,16:33:49
,date,stock_id,year,StockEarningsDistribution,StockStatutorySurplus,StockExDividendTradingDate,TotalEmployeeStockDividend,TotalEmployeeStockDividendAmount,RatioOfEmployeeStockDividendOfTotal,RatioOfEmployeeStockDividend,CashEarningsDistribution,CashStatutorySurplus,CashExDividendTradingDate,CashDividendPaymentDate,TotalEmployeeCashDividend,TotalNumberOfCashCapitalIncrease,CashIncreaseSubscriptionRate,CashIncreaseSubscriptionpRrice,RemunerationOfDirectorsAndSupervisors,ParticipateDistributionOfTotalShares,AnnouncementDate,AnnouncementTime
0,2020-08-19,2886,108年,0.0,0.0,,0.0,0.0,0.0,0.0,1.7,0.0,2020-08-13,2020-09-04,0.0,0.0,0.0,0.0,0.0,13599823983.0,2020-07-29,15:44:19
1,2021-08-20,2886,109年,0.0,0.0,,0.0,0.0,0.0,0.0,1.58,0.0,2021-08-12,2021-09-03,0.0,0.0,0.0,0.0,0.0,13599823983.0,2021-07-28,16:33:22
2,2022-08-19,2886,110年,0.25,0.0,2022-08-11,0.0,0.0,0.0,0.0,1.4,0.0,2022-08-11,2022-09-16,0.0,0.0,0.0,0.0,0.0,13599823983.0,2022-07-27,16:31:09
,date,stock_id,year,StockEarningsDistribution,StockStatutorySurplus,StockExDividendTradingDate,TotalEmployeeStockDividend,TotalEmployeeStockDividendAmount,RatioOfEmployeeStockDividendOfTotal,RatioOfEmployeeStockDividend,CashEarningsDistribution,CashStatutorySurplus,CashExDividendTradingDate,CashDividendPaymentDate,TotalEmployeeCashDividend,TotalNumberOfCashCapitalIncrease,CashIncreaseSubscriptionRate,CashIncreaseSubscriptionpRrice,RemunerationOfDirectorsAndSupervisors,ParticipateDistributionOfTotalShares,AnnouncementDate,AnnouncementTime
0,2020-07-19,2891,108年,0.0,0.0,,0.0,0.0,0.0,0.0,1.0,0.0,2020-07-13,2020-08-07,0.0,0.0,0.0,0.0,0.0,19496989569.0,2020-06-29,11:02:15
1,2021-08-22,2891,109年,0.0,0.0,,0.0,0.0,0.0,0.0,1.05,0.0,2021-08-16,2021-09-10,0.0,0.0,0.0,0.0,0.0,19496989569.0,2021-08-02,15:39:31
2,2022-07-20,2891,110年,0.0,0.0,,0.0,0.0,0.0,0.0,1.25,0.0,2022-07-14,2022-08-12,0.0,0.0,0.0,0.0,0.0,19496989569.0,2022-06-30,10:23:04
,date,stock_id,year,StockEarningsDistribution,StockStatutorySurplus,StockExDividendTradingDate,TotalEmployeeStockDividend,TotalEmployeeStockDividendAmount,RatioOfEmployeeStockDividendOfTotal,RatioOfEmployeeStockDividend,CashEarningsDistribution,CashStatutorySurplus,CashExDividendTradingDate,CashDividendPaymentDate,TotalEmployeeCashDividend,TotalNumberOfCashCapitalIncrease,CashIncreaseSubscriptionRate,CashIncreaseSubscriptionpRrice,RemunerationOfDirectorsAndSupervisors,ParticipateDistributionOfTotalShares,AnnouncementDate,AnnouncementTime
0,2020-08-19,3711,108年,0.0,0.0,,0.0,0.0,0.0,0.0,1.99802982,0.0,2020-08-13,2020-09-10,0.0,0.0,0.0,0.0,0.0,4338439132.0,2020-07-29,15:43:42
1,2021-09-12,3711,109年,0.0,0.0,,0.0,0.0,0.0,0.0,4.19149913,0.0,2021-09-06,2021-09-30,0.0,0.0,0.0,0.0,0.0,4387417232.0,2021-08-20,16:53:55
2,2022-07-05,3711,110年,0.0,0.0,,0.0,0.0,0.0,0.0,6.9959828,0.0,2022-06-29,2022-07-28,0.0,0.0,0.0,0.0,0.0,4359927932.0,2022-06-14,17:30:30
,date,stock_id,year,StockEarningsDistribution,StockStatutorySurplus,StockExDividendTradingDate,TotalEmployeeStockDividend,TotalEmployeeStockDividendAmount,RatioOfEmployeeStockDividendOfTotal,RatioOfEmployeeStockDividend,CashEarningsDistribution,CashStatutorySurplus,CashExDividendTradingDate,CashDividendPaymentDate,TotalEmployeeCashDividend,TotalNumberOfCashCapitalIncrease,CashIncreaseSubscriptionRate,CashIncreaseSubscriptionpRrice,RemunerationOfDirectorsAndSupervisors,ParticipateDistributionOfTotalShares,AnnouncementDate,AnnouncementTime
0,2020-07-07,1326,108年,0.0,0.0,,0.0,0.0,0.0,0.0,3.8,0.0,2020-07-01,2020-07-30,0.0,0.0,0.0,0.0,0.0,5861186291.0,2020-06-11,15:41:07
1,2021-08-02,1326,109年,0.0,0.0,,0.0,0.0,0.0,0.0,2.5,0.0,2021-07-27,2021-08-24,0.0,0.0,0.0,0.0,0.0,5861186291.0,2021-07-12,16:20:01
2,2022-07-04,1326,110年,0.0,0.0,,0.0,0.0,0.0,0.0,4.8,0.0,2022-06-28,2022-07-29,0.0,0.0,0.0,0.0,0.0,5861186291.0,2022-06-14,10:41:08
,date,stock_id,year,StockEarningsDistribution,StockStatutorySurplus,StockExDividendTradingDate,TotalEmployeeStockDividend,TotalEmployeeStockDividendAmount,RatioOfEmployeeStockDividendOfTotal,RatioOfEmployeeStockDividend,CashEarningsDistribution,CashStatutorySurplus,CashExDividendTradingDate,CashDividendPaymentDate,TotalEmployeeCashDividend,TotalNumberOfCashCapitalIncrease,CashIncreaseSubscriptionRate,CashIncreaseSubscriptionpRrice,RemunerationOfDirectorsAndSupervisors,ParticipateDistributionOfTotalShares,AnnouncementDate,AnnouncementTime
0,2020-08-14,1216,108年,0.0,0.0,,0.0,0.0,0.0,0.0,2.5,0.0,2020-08-06,2020-09-11,0.0,0.0,0.0,0.0,0.0,5682015421.0,2020-07-15,10:09:33
1,2021-09-17,1216,109年,0.0,0.0,,0.0,0.0,0.0,0.0,2.7,0.0,2021-09-09,2021-10-15,0.0,0.0,0.0,0.0,0.0,5682015421.0,2021-08-18,16:45:27
2,2022-08-11,1216,110年,0.0,0.0,,0.0,0.0,0.0,0.0,2.7,0.0,2022-08-04,2022-09-08,0.0,0.0,0.0,0.0,0.0,5682015421.0,2022-07-15,15:59:12
,date,stock_id,year,StockEarningsDistribution,StockStatutorySurplus,StockExDividendTradingDate,TotalEmployeeStockDividend,TotalEmployeeStockDividendAmount,RatioOfEmployeeStockDividendOfTotal,RatioOfEmployeeStockDividend,CashEarningsDistribution,CashStatutorySurplus,CashExDividendTradingDate,CashDividendPaymentDate,TotalEmployeeCashDividend,TotalNumberOfCashCapitalIncrease,CashIncreaseSubscriptionRate,CashIncreaseSubscriptionpRrice,RemunerationOfDirectorsAndSupervisors,ParticipateDistributionOfTotalShares,AnnouncementDate,AnnouncementTime
0,2020-08-18,5880,108年,0.3,0.0,2020-08-12,0.0,0.0,0.0,0.0,0.85,0.0,2020-08-12,2020-09-16,0.0,0.0,0.0,0.0,0.0,12945848278.0,2020-07-28,15:24:55
1,2021-08-17,5880,109年,0.0,0.0,,0.0,0.0,0.0,0.0,0.85,0.0,2021-08-11,2021-08-31,0.0,0.0,0.0,0.0,0.0,13334223726.0,2021-07-27,17:11:23
2,2022-08-16,5880,110年,0.3,0.0,2022-08-10,0.0,0.0,0.0,0.0,1.0,0.0,2022-08-10,2022-09-13,0.0,0.0,0.0,0.0,0.0,13600908200.0,2022-07-27,16:40:40
,date,stock_id,year,StockEarningsDistribution,StockStatutorySurplus,StockExDividendTradingDate,TotalEmployeeStockDividend,TotalEmployeeStockDividendAmount,RatioOfEmployeeStockDividendOfTotal,RatioOfEmployeeStockDividend,CashEarningsDistribution,CashStatutorySurplus,CashExDividendTradingDate,CashDividendPaymentDate,TotalEmployeeCashDividend,TotalNumberOfCashCapitalIncrease,CashIncreaseSubscriptionRate,CashIncreaseSubscriptionpRrice,RemunerationOfDirectorsAndSupervisors,ParticipateDistributionOfTotalShares,AnnouncementDate,AnnouncementTime
0,2020-08-15,2892,108年,0.3,0.0,2020-08-07,0.0,0.0,0.0,0.0,1.05,0.0,2020-08-07,2020-08-27,0.0,0.0,0.0,0.0,0.0,12461942795.0,2020-07-24,09:41:57
1,2021-09-03,2892,109年,0.1,0.0,2021-08-26,0.0,0.0,0.0,0.0,0.9,0.0,2021-08-26,2021-09-15,0.0,0.0,0.0,0.0,0.0,12835801078.0,2021-08-11,17:07:52
2,2022-08-12,2892,110年,0.2,0.0,2022-08-04,0.0,0.0,0.0,0.0,1.0,0.0,2022-08-04,2022-08-25,0.0,0.0,0.0,0.0,0.0,12964159088.0,2022-07-20,17:39:44
,date,stock_id,year,StockEarningsDistribution,StockStatutorySurplus,StockExDividendTradingDate,TotalEmployeeStockDividend,TotalEmployeeStockDividendAmount,RatioOfEmployeeStockDividendOfTotal,RatioOfEmployeeStockDividend,CashEarningsDistribution,CashStatutorySurplus,CashExDividendTradingDate,CashDividendPaymentDate,TotalEmployeeCashDividend,TotalNumberOfCashCapitalIncrease,CashIncreaseSubscriptionRate,CashIncreaseSubscriptionpRrice,RemunerationOfDirectorsAndSupervisors,ParticipateDistributionOfTotalShares,AnnouncementDate,AnnouncementTime
0,2020-06-29,5871,108年,0.4,0.0,2020-06-23,0.0,0.0,0.0,0.0,4.6,0.0,2020-06-23,2020-07-17,0.0,0.0,0.0,0.0,0.0,1328200030.0,2020-06-09,09:50:19
1,2021-08-11,5871,109年,0.5,0.0,2021-08-05,0.0,0.0,0.0,0.0,5.0,0.0,2021-08-05,2021-09-03,0.0,0.0,0.0,0.0,0.0,1381328031.0,2021-07-20,19:58:45
2,2022-06-28,5871,110年,0.5,0.0,2022-06-22,0.0,0.0,0.0,0.0,6.0,0.0,2022-06-22,2022-07-26,0.0,0.0,0.0,0.0,0.0,1450394432.0,2022-05-25,10:54:00
,date,stock_id,year,StockEarningsDistribution,StockStatutorySurplus,StockExDividendTradingDate,TotalEmployeeStockDividend,TotalEmployeeStockDividendAmount,RatioOfEmployeeStockDividendOfTotal,RatioOfEmployeeStockDividend,CashEarningsDistribution,CashStatutorySurplus,CashExDividendTradingDate,CashDividendPaymentDate,TotalEmployeeCashDividend,TotalNumberOfCashCapitalIncrease,CashIncreaseSubscriptionRate,CashIncreaseSubscriptionpRrice,RemunerationOfDirectorsAndSupervisors,ParticipateDistributionOfTotalShares,AnnouncementDate,AnnouncementTime
0,2021-08-24,2603,109年,0.0,0.0,,0.0,0.0,0.0,0.0,2.48660241,0.0,2021-08-18,2021-09-10,0.0,0.0,0.0,0.0,0.0,5290847369.0,2021-07-21,17:29:37
1,2022-07-05,2603,110年,0.0,0.0,,0.0,0.0,0.0,0.0,17.99999637,0.0,2022-06-29,2022-07-28,0.0,0.0,0.0,0.0,0.0,5291050204.0,2022-06-01,11:30:17
,date,stock_id,year,StockEarningsDistribution,StockStatutorySurplus,StockExDividendTradingDate,TotalEmployeeStockDividend,TotalEmployeeStockDividendAmount,RatioOfEmployeeStockDividendOfTotal,RatioOfEmployeeStockDividend,CashEarningsDistribution,CashStatutorySurplus,CashExDividendTradingDate,CashDividendPaymentDate,TotalEmployeeCashDividend,TotalNumberOfCashCapitalIncrease,CashIncreaseSubscriptionRate,CashIncreaseSubscriptionpRrice,RemunerationOfDirectorsAndSupervisors,ParticipateDistributionOfTotalShares,AnnouncementDate,AnnouncementTime
0,2020-08-03,2884,108年,0.79693618,0.0,2020-07-28,0.0,0.0,0.0,0.0,0.79106382,0.0,2020-07-28,2020-08-26,0.0,0.0,0.0,0.0,0.0,11619500000.0,2020-07-10,17:28:08
1,2021-09-06,2884,109年,0.61111951,0.0,2021-08-31,0.0,0.0,0.0,0.0,0.61,0.0,2021-08-31,2021-09-24,0.0,0.0,0.0,0.0,0.0,12567100000.0,2021-08-16,16:47:34
2,2022-08-04,2884,110年,0.67392509,0.0,2022-07-28,0.0,0.0,0.0,0.0,0.67,0.0,2022-07-28,2022-08-31,0.0,0.0,0.0,0.0,0.0,13354600000.0,2022-07-14,09:27:20
,date,stock_id,year,StockEarningsDistribution,StockStatutorySurplus,StockExDividendTradingDate,TotalEmployeeStockDividend,TotalEmployeeStockDividendAmount,RatioOfEmployeeStockDividendOfTotal,RatioOfEmployeeStockDividend,CashEarningsDistribution,CashStatutorySurplus,CashExDividendTradingDate,CashDividendPaymentDate,TotalEmployeeCashDividend,TotalNumberOfCashCapitalIncrease,CashIncreaseSubscriptionRate,CashIncreaseSubscriptionpRrice,RemunerationOfDirectorsAndSupervisors,ParticipateDistributionOfTotalShares,AnnouncementDate,AnnouncementTime
0,2020-07-25,3045,108年,0.0,0.0,,0.0,0.0,0.0,0.0,4.183,0.567,2020-07-17,2020-08-12,0.0,0.0,0.0,0.0,0.0,2810624891.0,2020-07-01,17:35:11
1,2021-08-29,3045,109年,0.0,0.0,,0.0,0.0,0.0,0.0,3.38353,0.916,2021-08-23,2021-09-11,0.0,0.0,0.0,0.0,0.0,2813970069.0,2021-08-09,10:22:57
2,2022-07-16,3045,110年,0.0,0.0,,0.0,0.0,0.0,0.0,3.7412,0.5588,2022-07-08,2022-08-03,0.0,0.0,0.0,0.0,0.0,2820482002.0,2022-06-24,08:55:48
,date,stock_id,year,StockEarningsDistribution,StockStatutorySurplus,StockExDividendTradingDate,TotalEmployeeStockDividend,TotalEmployeeStockDividendAmount,RatioOfEmployeeStockDividendOfTotal,RatioOfEmployeeStockDividend,CashEarningsDistribution,CashStatutorySurplus,CashExDividendTradingDate,CashDividendPaymentDate,TotalEmployeeCashDividend,TotalNumberOfCashCapitalIncrease,CashIncreaseSubscriptionRate,CashIncreaseSubscriptionpRrice,RemunerationOfDirectorsAndSupervisors,ParticipateDistributionOfTotalShares,AnnouncementDate,AnnouncementTime
0,2020-07-20,2207,108年,0.0,0.0,,0.0,0.0,0.0,0.0,14.0,0.0,2020-07-14,2020-07-30,0.0,0.0,0.0,0.0,0.0,546179184.0,2020-06-29,17:55:22
1,2021-07-17,2207,109年,0.0,0.0,,0.0,0.0,0.0,0.0,17.0,0.0,2021-07-09,2021-07-28,0.0,0.0,0.0,0.0,0.0,546179184.0,2021-06-24,14:26:10
2,2022-07-16,2207,110年,0.0,0.0,,0.0,0.0,0.0,0.0,20.0,0.0,2022-07-08,2022-07-27,0.0,0.0,0.0,0.0,0.0,546179184.0,2022-06-23,16:42:19
,date,stock_id,year,StockEarningsDistribution,StockStatutorySurplus,StockExDividendTradingDate,TotalEmployeeStockDividend,TotalEmployeeStockDividendAmount,RatioOfEmployeeStockDividendOfTotal,RatioOfEmployeeStockDividend,CashEarningsDistribution,CashStatutorySurplus,CashExDividendTradingDate,CashDividendPaymentDate,TotalEmployeeCashDividend,TotalNumberOfCashCapitalIncrease,CashIncreaseSubscriptionRate,CashIncreaseSubscriptionpRrice,RemunerationOfDirectorsAndSupervisors,ParticipateDistributionOfTotalShares,AnnouncementDate,AnnouncementTime
0,2020-08-21,2880,108年,0.5603,0.0,2020-08-13,0.0,0.0,0.0,0.0,0.5603,0.0,2020-08-13,2020-09-11,0.0,0.0,0.0,0.0,0.0,12172740178.0,2020-07-29,10:04:35
1,2021-09-24,2880,109年,0.264,0.0,2021-09-16,0.0,0.0,0.0,0.0,0.265,0.0,2021-09-16,2021-10-08,0.0,0.0,0.0,0.0,0.0,12854778810.0,2021-08-27,17:54:00
2,2022-08-19,2880,110年,0.34,0.0,2022-08-11,0.0,0.0,0.0,0.0,0.78,0.0,2022-08-11,2022-09-08,0.0,0.0,0.0,0.0,0.0,13194144970.0,2022-07-26,16:46:07
,date,stock_id,year,StockEarningsDistribution,StockStatutorySurplus,StockExDividendTradingDate,TotalEmployeeStockDividend,TotalEmployeeStockDividendAmount,RatioOfEmployeeStockDividendOfTotal,RatioOfEmployeeStockDividend,CashEarningsDistribution,CashStatutorySurplus,CashExDividendTradingDate,CashDividendPaymentDate,TotalEmployeeCashDividend,TotalNumberOfCashCapitalIncrease,CashIncreaseSubscriptionRate,CashIncreaseSubscriptionpRrice,RemunerationOfDirectorsAndSupervisors,ParticipateDistributionOfTotalShares,AnnouncementDate,AnnouncementTime
0,2020-08-17,3008,108年,0.0,0.0,,0.0,0.0,0.0,0.0,79.0,0.0,2020-08-11,2020-09-03,0.0,0.0,0.0,0.0,0.0,134140197.0,2020-07-28,11:13:11
1,2021-08-16,3008,109年,0.0,0.0,,0.0,0.0,0.0,0.0,91.5,0.0,2021-08-10,2021-09-03,0.0,0.0,0.0,0.0,0.0,134140197.0,2021-07-27,17:16:12
2,2022-01-18,3008,110年前半年度,0.0,0.0,,0.0,0.0,0.0,0.0,31.15608212,0.0,2022-01-12,2022-02-10,0.0,0.0,0.0,0.0,0.0,133468197.0,2021-12-28,11:27:49
3,2022-03-21,3008,110年後半年度,0.0,0.0,,0.0,0.0,0.0,0.0,39.0,0.0,2022-03-15,2022-04-15,0.0,0.0,0.0,0.0,0.0,133468197.0,2022-02-25,15:30:39
4,2022-08-25,3008,111年前半年度,0.0,0.0,,0.0,0.0,0.0,0.0,39.5,0.0,2022-08-18,2022-09-15,0.0,0.0,0.0,0.0,0.0,133468197.0,2022-07-25,15:49:24
,date,stock_id,year,StockEarningsDistribution,StockStatutorySurplus,StockExDividendTradingDate,TotalEmployeeStockDividend,TotalEmployeeStockDividendAmount,RatioOfEmployeeStockDividendOfTotal,RatioOfEmployeeStockDividend,CashEarningsDistribution,CashStatutorySurplus,CashExDividendTradingDate,CashDividendPaymentDate,TotalEmployeeCashDividend,TotalNumberOfCashCapitalIncrease,CashIncreaseSubscriptionRate,CashIncreaseSubscriptionpRrice,RemunerationOfDirectorsAndSupervisors,ParticipateDistributionOfTotalShares,AnnouncementDate,AnnouncementTime
0,2020-08-11,2912,108年,0.0,0.0,,0.0,0.0,0.0,0.0,9.0,0.0,2020-08-05,2020-09-09,0.0,0.0,0.0,0.0,0.0,1039622255.0,2020-07-17,09:34:31
1,2021-09-13,2912,109年,0.0,0.0,,0.0,0.0,0.0,0.0,9.0,0.0,2021-09-07,2021-10-13,0.0,0.0,0.0,0.0,0.0,1039622255.0,2021-08-18,09:45:36
2,2022-08-09,2912,110年,0.0,0.0,,0.0,0.0,0.0,0.0,7.21,1.79,2022-08-03,2022-09-06,0.0,0.0,0.0,0.0,0.0,1039622255.0,2022-07-19,11:55:50
,date,stock_id,year,StockEarningsDistribution,StockStatutorySurplus,StockExDividendTradingDate,TotalEmployeeStockDividend,TotalEmployeeStockDividendAmount,RatioOfEmployeeStockDividendOfTotal,RatioOfEmployeeStockDividend,CashEarningsDistribution,CashStatutorySurplus,CashExDividendTradingDate,CashDividendPaymentDate,TotalEmployeeCashDividend,TotalNumberOfCashCapitalIncrease,CashIncreaseSubscriptionRate,CashIncreaseSubscriptionpRrice,RemunerationOfDirectorsAndSupervisors,ParticipateDistributionOfTotalShares,AnnouncementDate,AnnouncementTime
0,2020-07-05,2885,108年,0.0,0.0,,0.0,0.0,0.0,0.0,0.65,0.0,2020-06-29,2020-07-22,0.0,0.0,0.0,0.0,0.0,11670611456.0,2020-06-10,17:22:00
1,2021-07-17,2885,109年,0.0,0.0,,0.0,0.0,0.0,0.0,1.2,0.0,2021-07-09,2021-07-21,0.0,0.0,0.0,0.0,0.0,12137435914.0,2021-06-24,16:57:01
2,2022-07-04,2885,110年,0.0,0.0,,0.0,0.0,0.0,0.0,1.5,0.0,2022-06-28,2022-07-22,0.0,0.0,0.0,0.0,0.0,12137435914.0,2022-06-13,18:04:07
,date,stock_id,year,StockEarningsDistribution,StockStatutorySurplus,StockExDividendTradingDate,TotalEmployeeStockDividend,TotalEmployeeStockDividendAmount,RatioOfEmployeeStockDividendOfTotal,RatioOfEmployeeStockDividend,CashEarningsDistribution,CashStatutorySurplus,CashExDividendTradingDate,CashDividendPaymentDate,TotalEmployeeCashDividend,TotalNumberOfCashCapitalIncrease,CashIncreaseSubscriptionRate,CashIncreaseSubscriptionpRrice,RemunerationOfDirectorsAndSupervisors,ParticipateDistributionOfTotalShares,AnnouncementDate,AnnouncementTime
0,2020-08-09,2382,108年,0.0,0.0,,0.0,0.0,0.0,0.0,3.7,0.0,2020-08-03,2020-08-27,0.0,0.0,0.0,0.0,0.0,3862627432.0,2020-07-16,15:47:06
1,2021-08-01,2382,109年,0.0,0.0,,0.0,0.0,0.0,0.0,5.2,0.0,2021-07-26,2021-08-19,0.0,0.0,0.0,0.0,0.0,3862627432.0,2021-07-07,15:38:57
2,2022-08-07,2382,110年,0.0,0.0,,0.0,0.0,0.0,0.0,6.6,0.0,2022-08-01,2022-08-25,0.0,0.0,0.0,0.0,0.0,3862627432.0,2022-07-15,15:58:54
,date,stock_id,year,StockEarningsDistribution,StockStatutorySurplus,StockExDividendTradingDate,TotalEmployeeStockDividend,TotalEmployeeStockDividendAmount,RatioOfEmployeeStockDividendOfTotal,RatioOfEmployeeStockDividend,CashEarningsDistribution,CashStatutorySurplus,CashExDividendTradingDate,CashDividendPaymentDate,TotalEmployeeCashDividend,TotalNumberOfCashCapitalIncrease,CashIncreaseSubscriptionRate,CashIncreaseSubscriptionpRrice,RemunerationOfDirectorsAndSupervisors,ParticipateDistributionOfTotalShares,AnnouncementDate,AnnouncementTime
0,2020-08-08,2395,108年,0.99863125,0.0,2020-07-31,0.0,0.0,0.0,0.0,7.78932375,0.0,2020-07-31,2020-08-19,0.0,0.0,0.0,0.0,0.0,701370010.0,2020-07-17,10:21:21
1,2021-07-15,2395,109年,0.0,0.0,,0.0,0.0,0.0,0.0,7.09279644,0.0,2021-07-08,2021-08-06,0.0,0.0,0.0,0.0,0.0,772729511.0,2021-06-23,17:30:33
2,2022-07-15,2395,110年,0.0,0.0,,0.0,0.0,0.0,0.0,7.98039688,0.0,2022-07-07,2022-08-08,0.0,0.0,0.0,0.0,0.0,776366211.0,2022-06-23,09:33:47
,date,stock_id,year,StockEarningsDistribution,StockStatutorySurplus,StockExDividendTradingDate,TotalEmployeeStockDividend,TotalEmployeeStockDividendAmount,RatioOfEmployeeStockDividendOfTotal,RatioOfEmployeeStockDividend,CashEarningsDistribution,CashStatutorySurplus,CashExDividendTradingDate,CashDividendPaymentDate,TotalEmployeeCashDividend,TotalNumberOfCashCapitalIncrease,CashIncreaseSubscriptionRate,CashIncreaseSubscriptionpRrice,RemunerationOfDirectorsAndSupervisors,ParticipateDistributionOfTotalShares,AnnouncementDate,AnnouncementTime
0,2020-02-08,0050,109,0.0,0.0,,0.0,0.0,0.0,0.0,2.9,0.0,2020-01-31,2020-03-06,0.0,0.0,0.0,0.0,0.0,0.0,,
1,2020-07-27,0050,109,0.0,0.0,,0.0,0.0,0.0,0.0,0.7,0.0,2020-07-21,2020-08-24,0.0,0.0,0.0,0.0,0.0,0.0,,
2,2021-01-30,0050,110,0.0,0.0,,0.0,0.0,0.0,0.0,3.05,0.0,2021-01-22,2022-06-09,0.0,0.0,0.0,0.0,0.0,0.0,,
3,2021-07-27,0050,110,0.0,0.0,,0.0,0.0,0.0,0.0,0.35,0.0,2021-07-21,2107-01-24,0.0,0.0,0.0,0.0,0.0,0.0,,
4,2022-01-29,0050,111,0.0,0.0,,0.0,0.0,0.0,0.0,3.2,0.0,2022-01-21,2022-03-04,0.0,0.0,0.0,0.0,0.0,0.0,,
5,2022-07-24,0050,111,0.0,0.0,,0.0,0.0,0.0,0.0,1.8,0.0,2022-07-18,2022-08-02,0.0,0.0,0.0,0.0,0.0,0.0,,
,date,stock_id,year,StockEarningsDistribution,StockStatutorySurplus,StockExDividendTradingDate,TotalEmployeeStockDividend,TotalEmployeeStockDividendAmount,RatioOfEmployeeStockDividendOfTotal,RatioOfEmployeeStockDividend,CashEarningsDistribution,CashStatutorySurplus,CashExDividendTradingDate,CashDividendPaymentDate,TotalEmployeeCashDividend,TotalNumberOfCashCapitalIncrease,CashIncreaseSubscriptionRate,CashIncreaseSubscriptionpRrice,RemunerationOfDirectorsAndSupervisors,ParticipateDistributionOfTotalShares,AnnouncementDate,AnnouncementTime
0,2020-08-18,1101,108年,0.50016326,0.0,2020-08-12,0.0,0.0,0.0,0.0,2.50081632,0.0,2020-08-12,2020-09-16,0.0,0.0,0.0,0.0,0.0,5455837699.0,2020-07-28,17:27:37
1,2021-08-18,1101,109年,0.0,0.0,,0.0,0.0,0.0,0.0,3.36811984,0.0,2021-08-12,2021-09-10,0.0,0.0,0.0,0.0,0.0,6114519410.0,2021-07-28,16:21:20
2,2022-07-27,1101,110年,0.99928258,0.0,2022-07-21,0.0,0.0,0.0,0.0,0.99928258,0.0,2022-07-21,2022-08-22,0.0,0.0,0.0,0.0,0.0,6120564402.0,2022-07-07,12:05:06
,date,stock_id,year,StockEarningsDistribution,StockStatutorySurplus,StockExDividendTradingDate,TotalEmployeeStockDividend,TotalEmployeeStockDividendAmount,RatioOfEmployeeStockDividendOfTotal,RatioOfEmployeeStockDividend,CashEarningsDistribution,CashStatutorySurplus,CashExDividendTradingDate,CashDividendPaymentDate,TotalEmployeeCashDividend,TotalNumberOfCashCapitalIncrease,CashIncreaseSubscriptionRate,CashIncreaseSubscriptionpRrice,RemunerationOfDirectorsAndSupervisors,ParticipateDistributionOfTotalShares,AnnouncementDate,AnnouncementTime
0,2022-07-03,2609,110年,0.0,0.0,,0.0,0.0,0.0,0.0,20.0,0.0,2022-06-27,2022-07-29,0.0,0.0,0.0,0.0,0.0,3492104270.0,2022-06-09,17:30:54
,date,stock_id,year,StockEarningsDistribution,StockStatutorySurplus,StockExDividendTradingDate,TotalEmployeeStockDividend,TotalEmployeeStockDividendAmount,RatioOfEmployeeStockDividendOfTotal,RatioOfEmployeeStockDividend,CashEarningsDistribution,CashStatutorySurplus,CashExDividendTradingDate,CashDividendPaymentDate,TotalEmployeeCashDividend,TotalNumberOfCashCapitalIncrease,CashIncreaseSubscriptionRate,CashIncreaseSubscriptionpRrice,RemunerationOfDirectorsAndSupervisors,ParticipateDistributionOfTotalShares,AnnouncementDate,AnnouncementTime
0,2020-09-02,2615,108年,0.0,0.0,,0.0,0.0,0.0,0.0,0.8,0.0,2020-08-27,2020-09-17,0.0,0.0,0.0,0.0,0.0,2218297466.0,2020-08-13,11:46:11
1,2021-09-13,2615,109年,1.0,0.0,2021-09-07,0.0,0.0,0.0,0.0,1.0,0.0,2021-09-07,2021-09-29,0.0,0.0,0.0,0.0,0.0,2218297466.0,2021-08-11,16:03:01
2,2022-07-26,2615,110年,1.5,0.0,2022-07-20,0.0,0.0,0.0,0.0,10.5,0.0,2022-07-20,2022-08-18,0.0,0.0,0.0,0.0,0.0,2440127212.0,2022-07-04,10:13:48
,date,stock_id,year,StockEarningsDistribution,StockStatutorySurplus,StockExDividendTradingDate,TotalEmployeeStockDividend,TotalEmployeeStockDividendAmount,RatioOfEmployeeStockDividendOfTotal,RatioOfEmployeeStockDividend,CashEarningsDistribution,CashStatutorySurplus,CashExDividendTradingDate,CashDividendPaymentDate,TotalEmployeeCashDividend,TotalNumberOfCashCapitalIncrease,CashIncreaseSubscriptionRate,CashIncreaseSubscriptionpRrice,RemunerationOfDirectorsAndSupervisors,ParticipateDistributionOfTotalShares,AnnouncementDate,AnnouncementTime
0,2020-07-20,4904,108年,0.0,0.0,,0.0,0.0,0.0,0.0,3.209,0.041,2020-07-14,2020-08-07,0.0,0.0,0.0,0.0,0.0,3258500810.0,2020-06-19,15:49:43
1,2021-07-31,4904,109年,0.0,0.0,,0.0,0.0,0.0,0.0,2.234,1.016,2021-07-23,2021-08-19,0.0,0.0,0.0,0.0,0.0,3258500810.0,2021-07-06,16:19:34
2,2022-07-20,4904,110年,0.0,0.0,,0.0,0.0,0.0,0.0,2.349,0.901,2022-07-14,2022-08-17,0.0,0.0,0.0,0.0,0.0,3258500810.0,2022-06-14,16:02:09
,date,stock_id,year,StockEarningsDistribution,StockStatutorySurplus,StockExDividendTradingDate,TotalEmployeeStockDividend,TotalEmployeeStockDividendAmount,RatioOfEmployeeStockDividendOfTotal,RatioOfEmployeeStockDividend,CashEarningsDistribution,CashStatutorySurplus,CashExDividendTradingDate,CashDividendPaymentDate,TotalEmployeeCashDividend,TotalNumberOfCashCapitalIncrease,CashIncreaseSubscriptionRate,CashIncreaseSubscriptionpRrice,RemunerationOfDirectorsAndSupervisors,ParticipateDistributionOfTotalShares,AnnouncementDate,AnnouncementTime
0,2020-07-24,5876,108年,0.0,0.0,,0.0,0.0,0.0,0.0,2.05,0.0,2020-07-16,2020-08-07,0.0,0.0,0.0,0.0,0.0,4481603140.0,2020-06-30,10:26:03
1,2021-08-03,5876,109年,0.0,0.0,,0.0,0.0,0.0,0.0,1.7,0.0,2021-07-28,2021-08-18,0.0,0.0,0.0,0.0,0.0,4481603140.0,2021-07-13,09:43:54
2,2022-07-13,5876,110年,0.0,0.0,,0.0,0.0,0.0,0.0,1.8,0.0,2022-07-07,2022-07-26,0.0,0.0,0.0,0.0,0.0,4481603140.0,2022-06-22,14:26:46
,date,stock_id,year,StockEarningsDistribution,StockStatutorySurplus,StockExDividendTradingDate,TotalEmployeeStockDividend,TotalEmployeeStockDividendAmount,RatioOfEmployeeStockDividendOfTotal,RatioOfEmployeeStockDividend,CashEarningsDistribution,CashStatutorySurplus,CashExDividendTradingDate,CashDividendPaymentDate,TotalEmployeeCashDividend,TotalNumberOfCashCapitalIncrease,CashIncreaseSubscriptionRate,CashIncreaseSubscriptionpRrice,RemunerationOfDirectorsAndSupervisors,ParticipateDistributionOfTotalShares,AnnouncementDate,AnnouncementTime
0,2020-07-12,2883,108年,0.0,0.0,,0.0,0.0,0.0,0.0,0.6,0.0,2020-07-06,2020-07-31,0.0,0.0,0.0,0.0,0.0,14971097599.0,2020-06-16,11:53:36
1,2021-08-16,2883,109年,0.0,0.0,,0.0,0.0,0.0,0.0,0.54973791,0.0,2021-08-10,2021-09-03,0.0,0.0,0.0,0.0,0.0,14997001461.0,2021-07-23,11:22:24
2,2022-07-12,2883,110年,0.0,0.0,,0.0,0.0,0.0,0.0,1.00007775,0.0,2022-07-06,2022-08-03,0.0,0.0,0.0,0.0,0.0,16847243631.0,2022-06-21,20:34:28
,date,stock_id,year,StockEarningsDistribution,StockStatutorySurplus,StockExDividendTradingDate,TotalEmployeeStockDividend,TotalEmployeeStockDividendAmount,RatioOfEmployeeStockDividendOfTotal,RatioOfEmployeeStockDividend,CashEarningsDistribution,CashStatutorySurplus,CashExDividendTradingDate,CashDividendPaymentDate,TotalEmployeeCashDividend,TotalNumberOfCashCapitalIncrease,CashIncreaseSubscriptionRate,CashIncreaseSubscriptionpRrice,RemunerationOfDirectorsAndSupervisors,ParticipateDistributionOfTotalShares,AnnouncementDate,AnnouncementTime
0,2020-07-04,2357,108年,0.0,0.0,,0.0,0.0,0.0,0.0,14.0,0.0,2020-06-24,2020-07-23,0.0,0.0,0.0,0.0,0.0,742760280.0,2020-06-09,16:54:03
1,2021-08-08,2357,109年,0.0,0.0,,0.0,0.0,0.0,0.0,26.0,0.0,2021-08-02,2021-08-26,0.0,0.0,0.0,0.0,0.0,742760280.0,2021-07-01,16:42:27
2,2022-08-06,2357,110年,0.0,0.0,,0.0,0.0,0.0,0.0,42.0,0.0,2022-07-29,2022-08-25,0.0,0.0,0.0,0.0,0.0,742760280.0,2022-06-22,14:30:25
,date,stock_id,year,StockEarningsDistribution,StockStatutorySurplus,StockExDividendTradingDate,TotalEmployeeStockDividend,TotalEmployeeStockDividendAmount,RatioOfEmployeeStockDividendOfTotal,RatioOfEmployeeStockDividend,CashEarningsDistribution,CashStatutorySurplus,CashExDividendTradingDate,CashDividendPaymentDate,TotalEmployeeCashDividend,TotalNumberOfCashCapitalIncrease,CashIncreaseSubscriptionRate,CashIncreaseSubscriptionpRrice,RemunerationOfDirectorsAndSupervisors,ParticipateDistributionOfTotalShares,AnnouncementDate,AnnouncementTime
0,2020-07-22,6488,108年,0.0,0.0,,0.0,0.0,0.0,0.0,22.0,3.0,2020-07-16,2020-08-07,0.0,0.0,0.0,0.0,0.0,435237000.0,2020-07-01,15:14:59
1,2021-01-27,6488,109年前半年度,0.0,0.0,,0.0,0.0,0.0,0.0,8.0,0.0,2021-01-21,2021-02-19,0.0,0.0,0.0,0.0,0.0,435237000.0,2020-12-10,11:57:36
2,2021-07-21,6488,109年後半年度,0.0,0.0,,0.0,0.0,0.0,0.0,10.0,0.0,2021-07-15,2021-08-06,0.0,0.0,0.0,0.0,0.0,435237000.0,2021-05-06,16:03:40
3,2022-01-12,6488,110年前半年度,0.0,0.0,,0.0,0.0,0.0,0.0,8.0,0.0,2022-01-06,2022-02-11,0.0,0.0,0.0,0.0,0.0,435237000.0,2021-12-09,16:35:22
4,2022-07-18,6488,110年後半年度,0.0,0.0,,0.0,0.0,0.0,0.0,6.7196,1.2804,2022-07-12,2022-08-05,0.0,0.0,0.0,0.0,0.0,435237000.0,2022-05-03,17:56:12
5,2023-01-11,6488,111年前半年度,0.0,0.0,,0.0,0.0,0.0,0.0,5.265,1.235,2023-01-05,2023-02-10,0.0,0.0,0.0,0.0,0.0,435237000.0,2022-12-08,11:50:55
,date,stock_id,year,StockEarningsDistribution,StockStatutorySurplus,StockExDividendTradingDate,TotalEmployeeStockDividend,TotalEmployeeStockDividendAmount,RatioOfEmployeeStockDividendOfTotal,RatioOfEmployeeStockDividend,CashEarningsDistribution,CashStatutorySurplus,CashExDividendTradingDate,CashDividendPaymentDate,TotalEmployeeCashDividend,TotalNumberOfCashCapitalIncrease,CashIncreaseSubscriptionRate,CashIncreaseSubscriptionpRrice,RemunerationOfDirectorsAndSupervisors,ParticipateDistributionOfTotalShares,AnnouncementDate,AnnouncementTime
0,2020-06-28,2327,108年後半年度,0.0,0.0,,0.0,0.0,0.0,0.0,13.06165475,0.0,2020-06-22,2020-07-10,0.0,0.0,0.0,0.0,0.0,490702056.0,2020-06-05,16:12:53
1,2021-08-08,2327,109年後半年度,0.0,0.0,,0.0,0.0,0.0,0.0,8.06505137,2.01626284,2021-08-02,2021-08-20,0.0,0.0,0.0,0.0,0.0,491918857.0,2021-07-08,15:14:33
2,2022-07-10,2327,110年後半年度,0.0,0.0,,0.0,0.0,0.0,0.0,10.10281345,0.0,2022-07-04,2022-07-22,0.0,0.0,0.0,0.0,0.0,534560005.0,2022-06-17,14:49:12
,date,stock_id,year,StockEarningsDistribution,StockStatutorySurplus,StockExDividendTradingDate,TotalEmployeeStockDividend,TotalEmployeeStockDividendAmount,RatioOfEmployeeStockDividendOfTotal,RatioOfEmployeeStockDividend,CashEarningsDistribution,CashStatutorySurplus,CashExDividendTradingDate,CashDividendPaymentDate,TotalEmployeeCashDividend,TotalNumberOfCashCapitalIncrease,CashIncreaseSubscriptionRate,CashIncreaseSubscriptionpRrice,RemunerationOfDirectorsAndSupervisors,ParticipateDistributionOfTotalShares,AnnouncementDate,AnnouncementTime
0,2020-06-17,2890,108年,0.0,0.0,,0.0,0.0,0.0,0.0,0.7,0.0,2020-06-11,2020-07-16,0.0,0.0,0.0,0.0,0.0,11271054106.0,2020-05-25,15:25:55
1,2021-08-18,2890,109年,0.0,0.0,,0.0,0.0,0.0,0.0,0.7,0.0,2021-08-12,2021-09-16,0.0,0.0,0.0,0.0,0.0,11271054106.0,2021-07-27,15:14:13
2,2022-08-16,2890,110年,0.1,0.0,2022-08-10,0.0,0.0,0.0,0.0,0.8,0.0,2022-08-10,2022-09-14,0.0,0.0,0.0,0.0,0.0,11271054106.0,2022-07-26,11:50:46
,date,stock_id,year,StockEarningsDistribution,StockStatutorySurplus,StockExDividendTradingDate,TotalEmployeeStockDividend,TotalEmployeeStockDividendAmount,RatioOfEmployeeStockDividendOfTotal,RatioOfEmployeeStockDividend,CashEarningsDistribution,CashStatutorySurplus,CashExDividendTradingDate,CashDividendPaymentDate,TotalEmployeeCashDividend,TotalNumberOfCashCapitalIncrease,CashIncreaseSubscriptionRate,CashIncreaseSubscriptionpRrice,RemunerationOfDirectorsAndSupervisors,ParticipateDistributionOfTotalShares,AnnouncementDate,AnnouncementTime
0,2020-07-25,8069,108年,0.0,0.0,,0.0,0.0,0.0,0.0,2.0,0.0,2020-07-17,2020-08-20,0.0,0.0,0.0,0.0,0.0,1134362715.0,2020-07-02,18:22:30
1,2021-08-01,8069,109年,0.0,0.0,,0.0,0.0,0.0,0.0,2.68569507,0.0,2021-07-26,2021-08-26,0.0,0.0,0.0,0.0,0.0,1140404715.0,2021-07-09,10:00:43
2,2022-07-31,8069,110年,0.0,0.0,,0.0,0.0,0.0,0.0,3.2,0.0,2022-07-25,2022-08-25,0.0,0.0,0.0,0.0,0.0,1140404715.0,2022-07-07,18:24:54
,date,stock_id,year,StockEarningsDistribution,StockStatutorySurplus,StockExDividendTradingDate,TotalEmployeeStockDividend,TotalEmployeeStockDividendAmount,RatioOfEmployeeStockDividendOfTotal,RatioOfEmployeeStockDividend,CashEarningsDistribution,CashStatutorySurplus,CashExDividendTradingDate,CashDividendPaymentDate,TotalEmployeeCashDividend,TotalNumberOfCashCapitalIncrease,CashIncreaseSubscriptionRate,CashIncreaseSubscriptionpRrice,RemunerationOfDirectorsAndSupervisors,ParticipateDistributionOfTotalShares,AnnouncementDate,AnnouncementTime
0,2020-09-10,1590,108年,0.0,0.0,,0.0,0.0,0.0,0.0,4.7347,0.0,2020-09-03,2020-10-07,0.0,0.0,0.0,0.0,0.0,189024998.0,2020-06-23,17:35:36
1,2021-06-22,1590,109年,0.0,0.0,,0.0,0.0,0.0,0.0,9.1623,0.0,2021-06-16,2021-07-15,0.0,0.0,0.0,0.0,0.0,189024998.0,2021-05-28,18:20:34
2,2022-09-13,1590,110年,0.0,0.0,,0.0,0.0,0.0,0.0,13.305,0.0,2022-09-07,2022-10-07,0.0,0.0,0.0,0.0,0.0,199999998.0,2022-08-12,09:49:03
,date,stock_id,year,StockEarningsDistribution,StockStatutorySurplus,StockExDividendTradingDate,TotalEmployeeStockDividend,TotalEmployeeStockDividendAmount,RatioOfEmployeeStockDividendOfTotal,RatioOfEmployeeStockDividend,CashEarningsDistribution,CashStatutorySurplus,CashExDividendTradingDate,CashDividendPaymentDate,TotalEmployeeCashDividend,TotalNumberOfCashCapitalIncrease,CashIncreaseSubscriptionRate,CashIncreaseSubscriptionpRrice,RemunerationOfDirectorsAndSupervisors,ParticipateDistributionOfTotalShares,AnnouncementDate,AnnouncementTime
0,2020-08-17,2801,108年,0.4,0.0,2020-08-11,0.0,0.0,0.0,0.0,0.4,0.0,2020-08-11,2020-09-11,0.0,0.0,0.0,0.0,0.0,9985311160.0,2020-07-27,17:34:06
1,2021-09-06,2801,109年,0.1,0.0,2021-08-31,0.0,0.0,0.0,0.0,0.36,0.0,2021-08-31,2021-09-30,0.0,0.0,0.0,0.0,0.0,10384723606.0,2021-08-13,15:34:57
2,2022-08-17,2801,110年,0.1,0.0,2022-08-11,0.0,0.0,0.0,0.0,0.5,0.0,2022-08-11,2022-09-08,0.0,0.0,0.0,0.0,0.0,10488570842.0,2022-07-15,15:08:15
,date,stock_id,year,StockEarningsDistribution,StockStatutorySurplus,StockExDividendTradingDate,TotalEmployeeStockDividend,TotalEmployeeStockDividendAmount,RatioOfEmployeeStockDividendOfTotal,RatioOfEmployeeStockDividend,CashEarningsDistribution,CashStatutorySurplus,CashExDividendTradingDate,CashDividendPaymentDate,TotalEmployeeCashDividend,TotalNumberOfCashCapitalIncrease,CashIncreaseSubscriptionRate,CashIncreaseSubscriptionpRrice,RemunerationOfDirectorsAndSupervisors,ParticipateDistributionOfTotalShares,AnnouncementDate,AnnouncementTime
0,2020-07-19,3034,108年,0.0,0.0,,0.0,0.0,0.0,0.0,9.0,1.5,2020-07-13,2020-08-14,0.0,0.0,0.0,0.0,0.0,608511469.0,2020-06-19,17:26:57
1,2021-08-23,3034,109年,0.0,0.0,,0.0,0.0,0.0,0.0,15.6,0.0,2021-08-17,2021-09-17,0.0,0.0,0.0,0.0,0.0,608511469.0,2021-08-02,15:25:45
2,2022-07-18,3034,110年,0.0,0.0,,0.0,0.0,0.0,0.0,51.5,0.0,2022-07-12,2022-08-12,0.0,0.0,0.0,0.0,0.0,608511469.0,2022-06-22,15:08:24
,date,stock_id,year,StockEarningsDistribution,StockStatutorySurplus,StockExDividendTradingDate,TotalEmployeeStockDividend,TotalEmployeeStockDividendAmount,RatioOfEmployeeStockDividendOfTotal,RatioOfEmployeeStockDividend,CashEarningsDistribution,CashStatutorySurplus,CashExDividendTradingDate,CashDividendPaymentDate,TotalEmployeeCashDividend,TotalNumberOfCashCapitalIncrease,CashIncreaseSubscriptionRate,CashIncreaseSubscriptionpRrice,RemunerationOfDirectorsAndSupervisors,ParticipateDistributionOfTotalShares,AnnouncementDate,AnnouncementTime
0,2020-08-17,2887,108年,0.2313481733,0.0,2020-08-11,0.0,0.0,0.0,0.0,0.56551766,0.0,2020-08-11,2020-09-09,0.0,0.0,0.0,0.0,0.0,10661929870.0,2020-07-24,15:03:48
1,2021-09-13,2887,109年,0.4542636893,0.0,2021-09-07,0.0,0.0,0.0,0.0,0.55521108,0.0,2021-09-07,2021-10-05,0.0,0.0,0.0,0.0,0.0,10913617170.0,2021-08-20,09:49:42
2,2022-08-30,2887,110年,0.495,0.0,2022-08-24,0.0,0.0,0.0,0.0,0.605,0.0,2022-08-24,2022-09-20,0.0,0.0,0.0,0.0,0.0,11409383170.0,2022-08-10,10:50:23
,date,stock_id,year,StockEarningsDistribution,StockStatutorySurplus,StockExDividendTradingDate,TotalEmployeeStockDividend,TotalEmployeeStockDividendAmount,RatioOfEmployeeStockDividendOfTotal,RatioOfEmployeeStockDividend,CashEarningsDistribution,CashStatutorySurplus,CashExDividendTradingDate,CashDividendPaymentDate,TotalEmployeeCashDividend,TotalNumberOfCashCapitalIncrease,CashIncreaseSubscriptionRate,CashIncreaseSubscriptionpRrice,RemunerationOfDirectorsAndSupervisors,ParticipateDistributionOfTotalShares,AnnouncementDate,AnnouncementTime
0,2020-08-24,9910,108年,2.0,0.0,2020-08-18,0.0,0.0,0.0,0.0,4.0,0.0,2020-08-18,2020-09-16,0.0,0.0,0.0,0.0,0.0,734734249.0,2020-07-31,10:27:22
1,2021-08-09,9910,109年,0.0,0.0,,0.0,0.0,0.0,0.0,3.7,0.0,2021-08-03,2021-08-30,0.0,0.0,0.0,0.0,0.0,881681099.0,2021-07-19,15:47:15
2,2022-07-11,9910,110年,0.0,0.0,,0.0,0.0,0.0,0.0,4.1,0.0,2022-07-05,2022-08-02,0.0,0.0,0.0,0.0,0.0,881681099.0,2022-06-17,16:53:16
,date,stock_id,year,StockEarningsDistribution,StockStatutorySurplus,StockExDividendTradingDate,TotalEmployeeStockDividend,TotalEmployeeStockDividendAmount,RatioOfEmployeeStockDividendOfTotal,RatioOfEmployeeStockDividend,CashEarningsDistribution,CashStatutorySurplus,CashExDividendTradingDate,CashDividendPaymentDate,TotalEmployeeCashDividend,TotalNumberOfCashCapitalIncrease,CashIncreaseSubscriptionRate,CashIncreaseSubscriptionpRrice,RemunerationOfDirectorsAndSupervisors,ParticipateDistributionOfTotalShares,AnnouncementDate,AnnouncementTime
0,2020-07-01,1605,108年,0.0,0.0,,0.0,0.0,0.0,0.0,0.50608642,0.0,2020-06-23,2020-07-22,0.0,0.0,0.0,0.0,0.0,3286000258.0,2020-06-09,09:51:47
1,2021-08-08,1605,109年,0.0,0.0,,0.0,0.0,0.0,0.0,0.9,0.0,2021-08-02,2021-08-25,0.0,0.0,0.0,0.0,0.0,3431332948.0,2021-07-16,15:58:10
2,2022-06-27,1605,110年,0.0,0.0,2022-06-21,0.0,0.0,0.0,0.0,1.6,0.0,2022-06-21,2022-07-19,0.0,300000000.0,6.99,33.0,0.0,3431332948.0,2022-06-14,16:58:47
,date,stock_id,year,StockEarningsDistribution,StockStatutorySurplus,StockExDividendTradingDate,TotalEmployeeStockDividend,TotalEmployeeStockDividendAmount,RatioOfEmployeeStockDividendOfTotal,RatioOfEmployeeStockDividend,CashEarningsDistribution,CashStatutorySurplus,CashExDividendTradingDate,CashDividendPaymentDate,TotalEmployeeCashDividend,TotalNumberOfCashCapitalIncrease,CashIncreaseSubscriptionRate,CashIncreaseSubscriptionpRrice,RemunerationOfDirectorsAndSupervisors,ParticipateDistributionOfTotalShares,AnnouncementDate,AnnouncementTime
0,2020-07-21,3037,108年,0.0,0.0,,0.0,0.0,0.0,0.0,1.09186073,0.0,2020-07-15,2020-08-13,0.0,0.0,0.0,0.0,0.0,1466483333.0,2020-06-30,17:06:27
1,2021-09-04,3037,109年,0.0,0.0,,0.0,0.0,0.0,0.0,1.39293356,0.0,2021-08-27,2021-09-28,0.0,0.0,0.0,0.0,0.0,1475000333.0,2021-08-13,10:20:42
2,2022-07-23,3037,110年,0.0,0.0,,0.0,0.0,0.0,0.0,3.4,0.0,2022-07-15,2022-08-12,0.0,0.0,0.0,0.0,0.0,1475260333.0,2022-06-30,18:05:48
,date,stock_id,year,StockEarningsDistribution,StockStatutorySurplus,StockExDividendTradingDate,TotalEmployeeStockDividend,TotalEmployeeStockDividendAmount,RatioOfEmployeeStockDividendOfTotal,RatioOfEmployeeStockDividend,CashEarningsDistribution,CashStatutorySurplus,CashExDividendTradingDate,CashDividendPaymentDate,TotalEmployeeCashDividend,TotalNumberOfCashCapitalIncrease,CashIncreaseSubscriptionRate,CashIncreaseSubscriptionpRrice,RemunerationOfDirectorsAndSupervisors,ParticipateDistributionOfTotalShares,AnnouncementDate,AnnouncementTime
0,2020-07-06,4938,108年,0.0,0.0,,0.0,0.0,0.0,0.0,4.50048404,0.0,2020-06-30,2020-07-30,0.0,0.0,0.0,0.0,0.0,2610511056.0,2020-06-11,17:31:12
1,2021-07-06,4938,109年,0.0,0.0,,0.0,0.0,0.0,0.0,4.48877769,0.0,2021-06-30,2021-07-29,0.0,0.0,0.0,0.0,0.0,2669531056.0,2021-06-16,09:56:06
2,2022-07-06,4938,110年,0.0,0.0,,0.0,0.0,0.0,0.0,5.00137591,0.0,2022-06-30,2022-07-28,0.0,0.0,0.0,0.0,0.0,2667926391.0,2022-06-16,09:20:40
