排名,代號,名稱,成交,漲跌價,漲跌幅,面值(元),股本(億),發行量(萬張),市值(億),成立年數,掛牌年數,股票期貨,選擇權,權證,公司債,私募股,特別股,產業別,董事長,總經理
1,2330,台積電,459,1.5,0.33,10,"2,593","2,593","119,020",35.8,28.3,有,有,有,有,,,半導體業,劉德音,總裁: 魏哲家
2,2317,鴻海,100,0,0,10,"1,386","1,386","13,863",48.8,31.5,有,有,有,有,,,其他電子業,劉揚偉,劉揚偉
3,2454,聯發科,654,8,1.24,10,160,159.9,"10,460",25.6,21.4,有,有,有,,,,半導體業,蔡明介,陳冠州
4,2412,中華電,111.5,0,0,10,776,775.7,"8,650",26.5,22.2,有,有,,,,,通信網路業,謝繼茂,郭水義
5,6505,台塑化,79.6,-0.1,-0.13,10,953,952.6,"7,583",30.7,19,,,,,,,油電燃氣業,陳?郎,曹明
6,2308,台達電,283.5,0.5,0.18,10,260,259.8,"7,364",47.3,34,有,,有,有,,,電子零組件業,海英俊,張訓海
7,2881,富邦金,56.2,0,0,10,"1,400","1,240","6,966",21,21,有,有,有,有,,有,金控業,蔡明興,韓蔚廷
8,1303,南亞,70.5,0.2,0.28,10,793,793.1,"5,591",64.3,55.1,有,有,有,,,,塑膠工業,吳嘉昭,鄒明仁
9,1301,台塑,85.4,0.1,0.12,10,637,636.6,"5,436",68.1,58.4,有,有,有,,,,塑膠工業,林健男,林健男
10,2882,國泰金,40,-0.15,-0.37,10,"1,470","1,317","5,268",21,21,有,有,有,,,有,金控業,蔡宏圖,李長庚
11,2303,聯電,42,0.15,0.36,10,"1,250","1,250","5,252",42.6,37.4,有,有,有,有,,,半導體業,洪嘉聰,簡山傑、王石
12,2002,中鋼,29.7,1.25,4.39,10,"1,577","1,573","4,673",51.1,48,有,有,有,有,,有,鋼鐵工業,翁朝棟,王錫欽
13,2886,兆豐金,30.5,-0.15,-0.49,10,"1,394","1,394","4,252",20.9,20.9,有,有,有,有,,,金控業,張兆順,胡光華
14,2891,中信金,21.7,-0.2,-0.91,10,"2,008","1,958","4,250",20.6,20.6,有,有,有,有,,有,金控業,顏文隆,陳佳文
15,3711,日月光投控,95.3,1.8,1.93,10,436,436,"4,155",4.6,4.65,有,有,有,有,,,半導體業,張虔生,張洪本
16,1326,台化,69.4,0.2,0.29,10,586,586.1,"4,068",57.8,38,有,有,有,有,,,塑膠工業,洪福源,呂文進
17,1216,統一,65.4,-0.2,-0.3,10,568,568.2,"3,716",55.3,35,有,有,,有,,,食品工業,羅智先,黃釗凱、李清田
18,5880,合庫金,26,0.05,0.19,10,"1,401","1,401","3,642",11.1,11.1,有,有,有,,,,金控業,雷仲達,陳美足
19,2892,第一金,26.3,0,0,10,"1,322","1,322","3,478",20,20,有,有,有,有,,,金控業,邱月琴,陳芬蘭
20,5871,中租-KY,219.5,6,2.81,10,173,158.3,"3,474",13,11,有,,,有,,有,其他業,陳鳳龍,陳鳳龍
21,2603,長榮,164,5.5,3.47,10,212,211.6,"3,471",54.2,35.3,有,有,有,有,,,航運業,張衍義,謝惠全
22,2884,玉山金,24.1,0.1,0.42,10,"1,428","1,428","3,440",20.9,20.9,有,有,有,有,,,金控業,黃永仁,陳美滿
23,3045,台灣大,94.3,0.7,0.75,10,352,351.9,"3,319",25.8,22.3,有,,,有,,,通信網路業,蔡明忠,林之晨
24,2207,和泰車,585,-2,-0.34,10,54.6,54.62,"3,195",67.7,25.8,,,,,,,汽車工業,黃南光,蘇純興
25,2880,華南金,22.65,-0.15,-0.66,10,"1,364","1,364","3,090",21,21,有,有,,有,,,金控業,張雲鵬,李耀卿
26,3008,大立光,2185,-25,-1.13,10,13.3,13.35,"2,916",35.7,20.8,有,有,有,,,,光電業,林恩平,黃有執
27,2912,統一超,270,1,0.37,10,104,104,"2,807",35.5,25.3,,,,,,,貿易百貨業,羅智先,黃瑞典
28,2885,元大金,21.8,0,0,10,"1,250","1,250","2,725",20.9,20.9,有,有,,有,,,金控業,申鼎籛,翁健
29,2382,廣達,70.5,0.3,0.43,10,386,386.3,"2,723",34.6,24,有,有,,,,,電腦及週邊設備業,林百里,梁次震
30,2395,研華,332.5,7.5,2.31,10,77.8,77.58,"2,580",41.3,23,,,,,,,電腦及週邊設備業,劉克振,陳清熙、蔡淑妍、張家豪
31,0050,元大台灣50,110.75,0.45,0.41,,,230.7,"2,555",19.5,19.5,有,有,有,,,,N/A,劉宗聖,謝忠賢
32,1101,台泥,34.05,0.35,1.04,10,736,715.6,"2,437",72,60.9,有,有,有,有,,有,水泥工業,張安平,程耀輝
33,2609,陽明,65.7,1.8,2.82,10,349,349.2,"2,294",50,30.7,有,,有,有,,,航運業,鄭貞茂,杜書勤
34,2615,萬海,79.8,3.1,4.04,10,281,280.6,"2,239",57.8,26.6,有,,有,有,,,航運業,久福花園股份有限公司,謝福隆
35,4904,遠傳,66.2,0.7,1.07,10,326,325.8,"2,157",25.7,21,有,,,有,,,通信網路業,徐旭東,井琪
36,5876,上海商銀,43.75,-0.75,-1.69,10,448,486.2,"2,127",68.3,4.17,,,,有,,,銀行業,李慶言,林志宏
37,2883,開發金,12.55,0.05,0.4,10,"1,843","1,685","2,114",21,21,有,,有,有,,有,金控業,黃思國,Stefano Paolo Bertamini
38,2357,華碩,266,-3,-1.12,10,74.3,74.28,"1,976",32.7,26.1,有,有,有,有,,,電腦及週邊設備業,施崇棠,許先越/胡書賓
39,6488,環球晶,441.5,-2,-0.45,10,43.5,43.52,"1,922",11.2,7.24,有,,有,,,,半導體業,徐秀蘭,Mark England
40,2327,國巨,454.5,-1,-0.22,10,42.1,42.13,"1,915",35.3,29.2,有,,有,有,,,電子零組件業,陳泰銘,王淡如
41,2890,永豐金,16.6,0,0,10,"1,139","1,139","1,891",20.6,20.6,有,有,有,有,,有,金控業,陳思寬,朱士廷
42,8069,元太,164,0,0,10,114,114,"1,870",30.5,18.7,有,,有,,有,,光電業,李政昊,甘豐源
43,1590,亞德客-KY,916,26,2.92,10,20,20,"1,832",13.3,12,有,,,,,,電機機械,王世忠,王世忠
44,2801,彰銀,17.25,0,0,10,"1,059","1,059","1,827",72.5,60.8,有,有,有,,,,銀行業,凌忠嫄,周朝崇
45,3034,聯詠,298,-2,-0.67,10,60.9,60.85,"1,813",25.6,21.7,有,,有,,,,半導體業,何泰舜,王守仁
46,2887,台新金,15.05,0.05,0.33,10,"1,307","1,197","1,802",20.8,20.8,有,有,有,有,,有,金控業,吳東亮,林維俊
47,9910,豐泰,203,16.5,8.85,10,88.2,88.17,"1,790",51.4,30.8,,,,,,,其他業,王建弘,陳昭吉
48,1605,華新,47.75,1.65,3.58,10,373,373.1,"1,782",56.1,50.1,有,有,有,,,,電器電纜,焦佑倫,潘文虎
49,3037,欣興,120.5,-6,-4.74,10,148,147.8,"1,781",32.9,24,有,有,有,,,,電子零組件業,曾子章,李嘉彬、郭政輝
50,4938,和碩,63.7,0.1,0.16,10,267,266.8,"1,699",15.5,12.5,有,,有,有,,,電腦及週邊設備業,童子賢,鄭光志/鄧國彥
51,6415,矽力*-KY,445,-8.5,-1.87,2.5,9.52,38.08,"1,695",14.9,9.03,,,,,,,半導體業,陳偉,游步東及Michael Grimm
52,0056,元大高股息,25.34,0.04,0.16,,,665.8,"1,687",15,15,有,,,,,,N/A,劉宗聖,謝忠賢
53,1402,遠東新,31.3,0.2,0.64,10,535,535.3,"1,675",68.9,55.7,有,有,有,有,,,紡織纖維,徐旭東,"吳高山,鄭澄宇"
54,2633,台灣高鐵,28.75,0.05,0.17,10,563,562.8,"1,618",24.6,6.15,有,,,,有,,航運業,江耀宗,鄭光遠
55,2408,南亞科,51.5,-0.5,-0.96,10,310,309.7,"1,595",27.8,22.3,有,,有,,,,半導體業,吳嘉昭,李培瑛
56,8046,南電,237,-4.5,-1.86,10,64.6,64.62,"1,531",25.1,16.7,有,,有,,,,電子零組件業,吳嘉昭,湯安得
57,6446,藥華藥,497.5,-3.5,-0.7,10,30.2,30.27,"1,506",22.6,6.43,,,,,有,,生技醫療業,詹青柳,黃正谷
58,6669,緯穎,857,14,1.66,10,17.5,17.48,"1,498",10.8,3.74,有,,有,有,,,電腦及週邊設備業,林憲銘,洪麗(宓冉)
59,2301,光寶科,63.3,0.1,0.16,10,236,236.3,"1,496",33.8,27.1,有,,有,,,,電腦及週邊設備業,宋明峰,邱森彬
60,2379,瑞昱,285.5,-1,-0.35,10,51.3,51.29,"1,464",35.2,24.2,有,,有,,,,半導體業,邱順建,顏光裕
61,2618,長榮航,27.65,0.6,2.22,10,536,528.7,"1,462",33.7,23.2,有,有,有,有,,,航運業,林寶水,孫嘉明
62,1102,亞泥,40.55,-0.35,-0.86,10,355,354.6,"1,438",65.8,60.5,有,,有,有,,,水泥工業,徐旭東,李坤炎
63,2345,智邦,253,7.5,3.05,10,56,56,"1,417",34.9,27.1,有,,,有,,,通信網路業,寬鑫投資(股)公司,馬思睿
64,6409,旭隼,1580,5,0.32,10,8.78,8.78,"1,387",14.6,8.73,,,,,,,其他電子業,謝卓明,謝卓明
65,9945,潤泰新,43.15,0.65,1.53,10,316,316,"1,364",45.3,30.6,有,,有,,,,其他業,簡滄圳,李志宏
66,2888,新光金,8.7,-0.04,-0.46,10,"1,578","1,549","1,347",20.8,20.8,有,有,有,有,,有,金控業,許澎,吳欣儒
67,5347,世界,82,0.7,0.86,10,164,163.9,"1,344",28,24.7,有,,有,有,,,半導體業,方略,方略
68,00878,國泰永續高股息,16.07,-0.03,-0.19,,,832.2,"1,337",2.4,2.42,,,,,,,N/A,張錫,張雍川
69,8454,富邦媒,604,29,5.04,10,21.8,21.85,"1,320",18.2,8.01,,,有,,,,貿易百貨業,蔡明忠,谷元宏
70,1476,儒鴻,472.5,26,5.82,10,27.4,27.44,"1,296",45.1,21.7,有,,有,,,,紡織纖維,洪鎮海,蔡俊嶔/陳坤鎕
71,6770,力積電,32.65,0.35,1.08,10,395,394.7,"1,289",14.7,1.04,有,,有,,,,半導體業,黃崇仁,謝再居
72,2474,可成,167,-1.5,-0.89,10,71.4,71.45,"1,193",38.1,21.3,有,有,有,,,,其他電子業,洪水樹,洪天賜
73,2409,友達,14.65,-0.15,-1.01,10,770,769.9,"1,128",26.4,22.3,有,有,有,,,,光電業,彭又又浪,柯富仁
74,2610,華航,18.75,0.6,3.31,10,601,599.4,"1,124",63.3,29.8,有,,有,有,,,航運業,謝世謙,高星潢
75,2105,正新,33.6,-0.1,-0.3,10,324,324.1,"1,089",53,35,有,,,有,,,橡膠工業,陳榮華,陳榮華
76,3529,力旺,1375,0,0,10,7.62,7.62,"1,048",22.3,11.9,有,,有,,,,半導體業,徐清祥,何明洲
77,2834,臺企銀,12.9,-0.1,-0.77,10,803,803,"1,036",72.2,25,有,,有,,有,,銀行業,林謙浩,張志堅
78,4958,臻鼎-KY,109,-1,-0.91,10,94.7,94.7,"1,032",16.5,11,有,,有,有,,,電子零組件業,沈慶芳,李定轉
79,3481,群創,10.7,-0.2,-1.83,10,956,955.6,"1,023",19.9,16.2,有,有,有,,,,光電業,洪進揚,楊柱祥
80,2347,聯強,61.2,-0.2,-0.33,10,167,166.8,"1,021",34.3,27,有,,,,,,電子通路業,苗豐強,杜書伍
81,2324,仁寶,22.85,0.15,0.66,10,441,440.7,"1,007",38.6,30.8,有,有,有,,,,電腦及週邊設備業,許勝雄,翁宗斌
82,3443,創意,750,5,0.67,10,13.4,13.4,"1,005",24.9,16.1,有,,有,,,,半導體業,曾繁城,戴尚義
83,2377,微星,117,1,0.86,10,84.5,84.49,988,36.4,24.1,有,有,有,,,,電腦及週邊設備業,徐祥,黃金請
84,9904,寶成,33.4,0.5,1.52,10,295,294.7,984,53.3,32.9,有,,有,,,,其他業,詹陸銘,盧金柱
85,4743,合一,239,2.5,1.06,10,38.9,38.87,929,14.6,11.2,,,有,,,,生技醫療業,黃山內,鄭志慧
86,2356,英業達,25.75,0.1,0.39,10,359,358.8,924,47.5,26.1,有,,,,,,電腦及週邊設備業,卓桐華,巫永財
87,2027,大成鋼,43,1.5,3.61,10,203,202.9,872,36.1,26.2,有,,有,,,,鋼鐵工業,謝麗雲,謝榮坤
88,3231,緯創,30.05,-0.05,-0.17,10,290,290.2,872,21.6,19.3,有,有,,有,,,電腦及週邊設備業,林憲銘,林建勳/沈慶堯
89,3533,嘉澤,807,-16,-1.94,10,10.6,10.62,857,36.3,15,有,,有,,,,電子零組件業,朱德祥,何德佑
90,5483,中美晶,143,-1,-0.69,10,58.6,58.62,838,41.9,21.8,有,,有,,,,半導體業,徐秀蘭,姚宕梁
91,00724B,群益10年IG金融債,32.99,-0.24,-0.72,,,248.9,821,5,5.02,,,,,,,N/A,賴政昇,陳明輝
92,8464,億豐,278,4,1.46,10,29.3,29.3,815,15.4,7,,,,,,,其他業,粘耿豪,粘耿豪
93,9921,巨大,207,2.5,1.22,10,39.2,39.21,812,50.2,28,,,,,,,其他業,杜(糸秀)珍,劉湧昌
94,2344,華邦電,20.05,-0.3,-1.47,10,398,398,798,35.2,27.2,有,,有,,,,半導體業,焦佑鈞,陳沛銘
95,3702,大聯大,47.3,0,0,10,188,167.9,794,17.1,17.1,有,,有,,,有,電子通路業,黃偉祥,張蓉崗
96,2371,大同,33.8,-0.15,-0.44,10,234,234,791,72.7,60.9,,,,有,,,電機機械,王光祥,王金來
97,00761B,國泰A級公司債,36.64,-0.22,-0.6,,,211.9,776,4.1,4.06,,,,,,,N/A,張錫,張雍川
98,9941,裕融,155,2,1.31,10,59.7,49.71,771,32.7,23,,,,有,,有,其他業,嚴陳莉蓮,許國興
99,2360,致茂,177.5,-2.5,-1.39,10,42.5,42.54,755,38.1,26,有,,,,,,其他電子業,黃欽明,黃欽明
100,1229,聯華,48.9,-0.05,-0.1,10,148,148,724,67.4,46.4,,,,有,,,食品工業,苗豐強,林信宏
101,2915,潤泰全,64.9,0.8,1.25,10,110,110.4,717,46.9,45.4,有,,有,,,,貿易百貨業,徐盛育,徐志漳
102,2354,鴻準,50.6,-0.4,-0.78,10,141,141.4,716,32.7,26.2,有,,,,,,其他電子業,呂軍甫,陳務光
103,2353,宏碁,22.85,0.15,0.66,10,305,304.8,696,46.4,26.3,有,有,,,,,電腦及週邊設備業,陳俊聖,陳俊聖
104,5274,信驊,1820,-55,-2.93,10,3.79,3.79,689,18.1,9.64,有,,有,,,,半導體業,林鴻明,林鴻明
105,2542,興富發,40,0.35,0.88,10,171,171.5,686,42.9,23.6,有,,有,有,,,建材營造業,曹淵博,范華軍
106,00773B,中信優先金融債,35.19,-0.3,-0.85,,,192.1,676,3.9,3.9,,,,,,,N/A,陳國世,張浴澤
107,6550,北極星藥業-KY,90.1,-0.3,-0.33,10,74.2,74.09,668,16.9,0.54,,,,有,有,,生技醫療業,陳鴻文,陳鴻文
108,4966,譜瑞-KY,818,3,0.37,10,8.12,8.12,664,17.1,11.3,,,有,,,,半導體業,趙捷,曲明
109,2385,群光,86.3,-0.1,-0.12,10,75.2,75.18,649,39.8,24,,,,,,,電子零組件業,許崑泰,呂進宗
110,2337,旺宏,34.85,0.1,0.29,10,186,185.6,647,33,27.8,有,,有,,有,,半導體業,吳敏求,盧志遠
111,3023,信邦,274,-1.5,-0.54,10,23.7,23.52,644,33,21.6,,,,,,,電子零組件業,王紹新,梁偉銘
112,00772B,中信高評級公司債,35.37,-0.28,-0.79,,,182.2,644,3.9,3.9,,,,,,,N/A,陳國世,張浴澤
113,2376,技嘉,101,1,1,10,63.6,63.57,642,36.6,24.2,有,,有,,,,電腦及週邊設備業,葉培城,李宜泰
114,2812,台中銀,12.8,-0.15,-1.16,10,477,501.5,642,69.3,38.6,,,,,,,銀行業,王貴鋒,賈德威
115,2049,上銀,181,0.5,0.28,10,35.4,35.38,640,33.2,13.5,有,,,,,,電機機械,卓文恒,蔡惠卿
116,6789,采鈺,199.5,0,0,10,31.6,31.52,629,19.1,0.48,,,,,,,半導體業,關欣,關欣
117,1802,台玻,21.2,-0.1,-0.47,10,291,290.8,617,58.3,49.4,有,,,,,,玻璃陶瓷,林伯豐,林伯實
118,00632R,元大台灣50反1,5.93,-0.01,-0.17,,,"1,025",608,8.2,8.14,,,有,,,,N/A,劉宗聖,謝忠賢
119,8299,群聯,305,-2.5,-0.81,10,19.7,19.86,606,22.1,18,有,,有,,,,半導體業,顏暐駩,歐陽志光
120,6239,力成,79.7,0,0,10,75.9,75.91,605,25.6,19.7,有,,,,,,半導體業,蔡篤恭,呂肇祥
121,00746B,富邦A級公司債,36.21,-0.63,-1.71,,,166.2,602,4.4,4.35,,,,,,,N/A,史綱,李明州
122,1795,美時,228.5,3,1.33,10,26.3,26.26,600,56.5,12.9,,,,,有,,生技醫療業,Robert Wessman,Petar Vazharov
123,2201,裕隆,60,-1.4,-2.28,10,100,100,600,69.3,46.5,有,,有,有,,,汽車工業,嚴陳莉蓮,姚振祥
124,3293,鈊象,424,19.5,4.82,10,14.1,14.09,597,33.1,16.4,有,,有,,,,文化創意業,李柯柱,江順成
125,6781,AES-KY,683,-4,-0.58,10,8.54,8.54,583,3,1.75,,,有,,,,電子零組件業,宋福祥,宋維哲
126,1504,東元,27.2,-0.1,-0.37,10,214,213.9,582,66.5,49.1,有,,,有,,,電機機械,邱純枝,范炘
127,1477,聚陽,240,9,3.9,10,24.2,24.19,580,32.9,19.9,有,,有,,,,紡織纖維,周理平,周理平
128,2227,裕日車,192.5,-1,-0.52,10,30,30,578,19.2,18,,,,,,,汽車工業,嚴陳莉蓮,蔡文榮
129,3105,穩懋,136,-1,-0.73,10,42.4,42.39,577,23.2,11,有,,有,,,,半導體業,陳進財,陳國樺
130,3661,世芯-KY,809,-14,-1.7,10,7.18,7.12,576,19.8,8.15,,,有,,,,半導體業,關建英,沈翔霖
131,2838,聯邦銀,16,0.1,0.63,10,379,359.4,575,31,24.5,,,,,,有,銀行業,林鴻聯,許維文
132,00751B,元大AAA至A公司債,34.71,-0.32,-0.91,,,165.6,575,4.3,4.22,,,,,,,N/A,劉宗聖,謝忠賢
133,2383,台光電,172.5,-0.5,-0.29,10,33.3,33.29,574,30.7,26,有,,有,有,,,電子零組件業,董定宇,關恩祥
134,00725B,國泰投資級公司債,35.85,-0.18,-0.5,,,158.3,568,4.9,4.87,,,,,,,N/A,張錫,張雍川
135,3532,台勝科,144.5,1,0.7,10,38.8,38.78,560,27.1,15,有,,有,,,,半導體業,林健男,田中恵一
136,2313,華通,46.65,0.05,0.11,10,119,119.2,556,49.3,32.4,有,,有,,,,電子零組件業,江培琨,江培琨
137,3036,文曄,61.7,0,0,10,102,88.35,545,29,22.2,有,,,,,有,電子通路業,鄭文宗,鄭文宗
138,1722,台肥,53.2,0,0,10,98,98,521,76.6,24.7,有,,,,,,化學工業,黃耀興,黃耀興
139,2352,佳世達,26.45,0.05,0.19,10,197,196.7,520,38.7,26.4,有,,有,,,,電腦及週邊設備業,陳其宏,黃漢州
140,6121,新普,280,2,0.72,10,18.5,18.5,518,30.7,21.1,有,,,,,,電腦及週邊設備業,宋福祥,宋福祥
141,6592,和潤企業,100.5,0.6,0.6,10,56.5,51.5,518,23.6,3.04,,,,有,,有,其他業,劉源森,林彥良
142,3653,健策,376.5,-3.5,-0.92,10,13.5,13.45,506,35.7,13.1,有,,有,,,,電子零組件業,趙宗信,林錦隆
143,9914,美利達,169,4.5,2.74,10,29.9,29.9,505,50.2,30.2,有,,,,,,其他業,曾崧柱,曾崧柱
144,4919,新唐,120,1.5,1.27,10,42,41.98,504,14.7,12.2,,,有,,,,半導體業,蘇源茂,楊欣龍
145,6176,瑞儀,106.5,-0.5,-0.47,10,46.5,46.5,495,27.4,20.6,有,,,,,,光電業,王本然,王本然(總執行長)
146,5269,祥碩,704,21,3.07,10,6.94,6.94,488,18.7,10,有,,有,,,,半導體業,沈振來,林哲偉
147,2637,慧洋-KY,64.8,2,3.18,10,74.6,74.64,484,14.2,12.1,,,有,有,,,航運業,藍俊昇,鄭俊聲
148,3044,健鼎,91.8,-1.7,-1.82,10,52.6,52.56,483,31,22,有,,,,,,電子零組件業,王景春,黃樂仁
149,3189,景碩,106.5,-3,-2.74,10,45.3,45.28,482,22.3,18.1,有,,有,,,,半導體業,廖賜政,陳河旭
150,2882A,國泰特,56.8,-0.1,-0.18,,,83.33,473,,5.93,,,,,,,金控業,,
151,00881,國泰台灣5G+,13.69,0.01,0.07,,,340.3,466,2.1,2.03,,,,,,,N/A,張錫,張雍川
152,2498,宏達電,55.8,1.4,2.57,10,82.8,82.5,460,25.6,20.7,有,有,有,,,,通信網路業,王雪紅,王雪紅
153,00679B,元大美債20年,31.89,-0.05,-0.16,,,143.8,458,5.9,5.93,,,,,,,N/A,劉宗聖,謝忠賢
154,5904,寶雅,447.5,-4.5,-1,10,10.2,10.22,457,25.8,20.3,,,有,,,,貿易百貨業,陳建造,陳宗成
155,5522,遠雄,57.7,-0.1,-0.17,10,78.2,78.16,451,44.4,23,,,,有,,,建材營造業,趙文嘉,湯佳峰
156,2845,遠東銀,11.05,-0.05,-0.45,10,407,407,450,30.9,24.1,,,,,,,銀行業,侯金英,周添財
157,2449,京元電子,36.5,-0.15,-0.41,10,122,122.3,446,35.6,21.6,有,,有,,,,半導體業,李金恭,劉安炫
158,2368,金像電,90.2,-1.6,-1.74,10,49.2,49.18,444,41.3,24.8,,,有,,,,電子零組件業,楊承澤,楊承澤
159,5903,全家,198,-3,-1.49,10,22.3,22.32,442,34.3,20.8,,,,,,,貿易百貨業,葉榮廷,薛東都
160,1434,福懋,26.2,-0.15,-0.57,10,168,168.5,441,49.7,37,,,,,,,紡織纖維,王文淵,李敏章
161,9917,中保科,97.4,0.8,0.83,10,45.1,45.12,439,45.1,29,,,,,,,其他業,林孝信,小野寺博史
162,6147,頎邦,57.7,-0.3,-0.52,10,73.9,73.87,426,25.5,20.9,有,,有,,,,半導體業,吳非艱,高火文
163,2606,裕民,49.45,1.25,2.59,10,84.5,84.51,418,54.3,32,有,,有,有,,,航運業,徐旭東,王書吉
164,3406,玉晶光,366,-1,-0.27,10,11.3,11.27,412,32.9,17,有,,有,,,,光電業,陳天慶,郭英理
165,006208,富邦台50,62.65,0.15,0.24,,,64.75,406,10.5,10.4,,,,,,,N/A,史綱,李明州
166,00723B,群益15年IG科技債,33.37,-0.19,-0.57,,,120.7,403,5,5.02,,,,,,,N/A,賴政昇,陳明輝
167,1907,永豐餘,24.15,-0.2,-0.82,10,166,166,401,72.8,45.8,有,,,,,,造紙工業,劉慧瑾,駱秉正
168,8415,大國鋼,38.45,1.05,2.81,10,103,103.2,397,15.4,6.29,,,,,,,鋼鐵工業,謝麗雲,謝榮坤
169,1210,大成,44.1,-0.3,-0.68,10,89.5,89.48,395,62,44.6,有,,,,,,食品工業,韓家宇,韓芳豪
170,3035,智原,157.5,1.5,0.96,10,24.9,24.86,391,29.5,23.2,有,,有,,,,半導體業,洪嘉聰,王國雍
171,2014,中鴻,27.1,2.4,9.72,10,144,143.6,389,39.2,30.8,有,,有,,,,鋼鐵工業,曾貴松,朱敏
172,2889,國票金,11.25,0,0,10,315,344.7,388,20.7,20.7,,,,,,,金控業,魏啟林,蘇松輝
173,3017,奇鋐,109,-2.5,-2.24,10,35.3,35.33,385,31,20.2,有,,有,有,,,電腦及週邊設備業,沈慶行,沈慶行
174,3665,貿聯-KY,250,3,1.21,10,15.6,15.28,382,22.6,11.7,,,有,有,,,其他電子業,梁華哲,鄧劍華
175,2882B,國泰金乙特,54.5,0,0,,,70,382,,4.37,,,,,,,金控業,,
176,2881B,富邦金乙特,57,0,0,,,66.67,380,,4.66,,,,,,,金控業,,
177,2809,京城銀,34.15,0.05,0.15,10,111,111.1,379,71.4,39.4,,,,,,,銀行業,戴誠志,姜宏亮
178,2923,鼎固-KY,21.8,0.15,0.69,10,174,174,379,15,10,,,,,,,建材營造業,張洪本,張能耀
179,00726B,國泰5Y+新興債,33.53,-0.17,-0.5,,,112.6,377,4.9,4.87,,,,,,,N/A,張錫,張雍川
180,2492,華新科,77.5,-0.5,-0.64,10,48.6,48.58,376,52.4,25.1,有,,,有,,,電子零組件業,焦佑衡,顧立荊
181,2006,東和鋼鐵,51,1.2,2.41,10,73,73.02,372,60.6,34.4,有,,有,有,,,鋼鐵工業,侯傑騰,黃炳樺
182,2015,豐興,64,1.9,3.06,10,58.2,58.16,372,54,30.6,,,,,,,鋼鐵工業,林大鈞,林永源
183,2059,川湖,388.5,2.5,0.65,10,9.53,9.53,370,36.2,17.7,有,,有,,,,電子零組件業,林聰吉,林淑珍
184,1717,長興,31.3,0.2,0.64,10,118,117.8,369,58.1,28.7,有,,,有,,,化學工業,高國倫,毛惠寬
185,6589,台康生技,121,0,0,10,30.4,30.41,368,10,3.48,,,有,,有,,生技醫療業,劉理成,劉理成
186,1314,中石化,9.72,-0.01,-0.1,10,378,378.5,368,53.5,31.4,有,,,,,,塑膠工業,陳瑞隆,余建松
187,00722B,群益15年IG電信債,37.18,-0.42,-1.12,,,98.52,366,5,5.02,,,,,,,N/A,賴政昇,陳明輝
188,2881A,富邦特,60.7,0,0,,,60,364,,6.56,,,,,,,金控業,,
189,00778B,凱基金融債20+,34.44,-0.36,-1.03,,,105.4,363,3.9,3.85,,,,,,,N/A,丁紹曾,張慈恩
190,3706,神達,29.75,0.15,0.51,10,121,120.7,359,9.3,9.28,有,,,,,,電腦及週邊設備業,苗豐強,何繼武
191,1227,佳格,39.15,0.3,0.77,10,91.5,91.51,358,36.5,28.7,,,,,,,食品工業,曹德風,曹博睿
192,00720B,元大投資級公司債,35.63,-0.08,-0.22,,,99.96,356,4.9,4.89,,,,,,,N/A,劉宗聖,謝忠賢
193,3714,富采,47,0.25,0.53,10,75.5,75.48,355,2,1.96,有,有,有,,有,,光電業,李秉傑,李秉傑
194,2404,漢唐,185,1,0.54,10,19.1,19.06,353,40.3,24.8,有,,有,有,,,其他電子業,李惠文,新任者俟最近期董事會召開後再另行公告
195,00777B,凱基AAA至A公司債,34.66,-0.41,-1.17,,,100.1,347,3.9,3.85,,,,,,,N/A,丁紹曾,張慈恩
196,2388,威盛,69.6,-0.2,-0.29,10,49.7,49.63,345,30.3,23.8,有,,有,,,,半導體業,陳文琦,陳文琦
197,00740B,富邦全球投等債,38.73,-0.46,-1.17,,,88.75,344,4.6,4.54,,,,,,,N/A,史綱,李明州
198,00756B,群益15年EM主權債,32.58,-0.03,-0.09,,,104.7,341,4.2,4.17,,,,,,,N/A,賴政昇,陳明輝
199,2023,燁輝,16.8,0.8,5,10,199,198.5,333,44.7,27.4,,,,,,,鋼鐵工業,林義守,張振武
200,3576,聯合再生,20.3,0,0,10,163,162.8,330,17.3,13.9,,,有,,有,,光電業,洪傳獻,潘文輝(執行長)
201,6285,啟碁,82.5,0.9,1.1,10,39.6,39.58,327,26,19.2,有,,有,有,,,通信網路業,謝宏波,高健榮
202,9933,中鼎,41.5,0.15,0.36,10,79,78.56,326,43.7,29.6,,,,有,,,其他業,楊宗興,陳裕仁
203,6269,台郡,100,0.6,0.6,10,32.3,32.28,323,25,19.2,有,,,有,,,電子零組件業,鄭明智,鄭明智
204,2707,晶華,253,2.5,1,10,12.7,12.74,322,46.5,24.8,,,有,有,,,觀光事業,潘思亮,吳偉正
205,4128,中天,62.1,1.1,1.8,10,51.1,51.11,317,22.6,16.5,,,有,,,,生技醫療業,郭憲壽,郭憲壽
206,6116,彩晶,10.75,-0.05,-0.46,10,294,294,316,24.5,21.3,有,,,,,,光電業,焦佑麒,焦佑麒
207,6456,GIS-KY,93.4,0.1,0.11,10,33.8,33.79,316,12,7.53,,,有,,,,光電業,周賢穎,周賢穎
208,00792B,群益A級公司債,33.32,-0.2,-0.6,,,94.41,315,3.7,3.72,,,,,,,N/A,賴政昇,陳明輝
209,6271,同欣電,195,-6,-2.99,10,16.1,16.08,314,48.4,15.1,有,,有,,,,半導體業,陳泰銘,張嘉帥
210,2634,漢翔,33.25,-0.05,-0.15,10,94.2,94.19,313,26.5,8.33,,,有,有,,,航運業,胡開宏,馬萬鈞
211,1513,中興電,65.5,1.5,2.34,10,47.6,47.61,312,66.6,28.8,,,有,有,,,電機機械,江義福,郭慧娟
212,1503,士電,59.2,-0.1,-0.17,10,52.1,52.1,308,67.1,53,,,,,,,電機機械,許育瑞,謝漢章
213,6472,保瑞,405,17,4.38,10,7.54,7.54,305,15.5,5.68,,,,,,,生技醫療業,盛保熙,盛保熙
214,2903,遠百,21.5,0.3,1.42,10,142,141.7,305,55.3,44.2,,,,,,,貿易百貨業,徐旭東,徐雪芳
215,2607,榮運,28.3,0.45,1.62,10,107,106.7,302,49.2,32,,,,,,,航運業,陳義忠,林晁榮
216,5434,崇越,166,2.5,1.53,10,18.2,18.17,302,32.8,22.6,,,,,,,電子通路業,潘重良,曾海華及李正榮
217,1904,正隆,27.15,-0.2,-0.73,10,111,110.8,301,63.9,51.3,有,,,,,,造紙工業,鄭人銘,張清標
218,1808,潤隆,65.8,2.7,4.28,10,45.1,45.1,297,45.9,28.2,,,,有,,,建材營造業,蔡聰賓,邱秉澤
219,00749B,凱基新興債10+,31.49,-0.13,-0.41,,,93.25,294,4.3,4.25,,,,,,,N/A,丁紹曾,張慈恩
220,2504,國產,24.75,0.15,0.61,10,118,118,292,68.1,44.8,,,,,,,建材營造業,徐蘭英,徐蘭英
221,6491,晶碩,417,17,4.25,10,7,7,292,13.3,3.21,,,有,,,,生技醫療業,郭明棟,楊德勝
222,3707,漢磊,87.6,-0.9,-1.02,10,33.3,33.32,292,8.2,8.22,,,有,有,,,半導體業,徐建華,劉燦文
223,9802,鈺齊-KY,156.5,5,3.3,10,19,18.62,291,13.1,10.2,,,,有,,,其他業,林文智,廖芳祝
224,1409,新纖,17.9,-0.05,-0.28,10,162,161.8,290,55.7,49.3,,,,有,,,紡織纖維,吳東昇,歐金達
225,6548,長科*,29.85,0.25,0.84,0.4,3.87,96.64,288,13,6.27,,,,,,,半導體業,黃嘉能,洪全成
226,1773,勝一,114.5,1,0.88,10,25,25,286,43.9,13.8,,,,,,,化學工業,孫靜源,孫靜源
227,2849,安泰銀,14.6,0,0,10,196,195.8,286,30.6,23.2,,,,,有,,銀行業,丁予康,張振芳
228,6412,群電,71.9,1.3,1.84,10,39.5,39.54,284,14,9.12,,,,,,,電子零組件業,呂進宗,曾國華
229,2451,創見,65.8,0,0,10,42.9,42.91,282,33.3,21.6,,,,,,,半導體業,束崇萬,洪完勳
230,2101,南港,33.8,-0.05,-0.15,10,83.4,83.39,282,63.8,59.1,,,,有,,,橡膠工業,郭林諒,林君穎
231,1440,南紡,16.95,0.2,1.19,10,166,165.7,281,67.8,33.2,有,,,,,,紡織纖維,侯博明,王立範
232,00900,富邦特選高股息30,10.51,0.03,0.29,,,266,280,1,1,,,,,,,N/A,史綱,李明州
233,6531,愛普*,172,0,0,5,8.07,16.19,279,11.4,6.56,,,有,,,,半導體業,陳文良,洪志勳
234,6670,復盛應用,209.5,-6,-2.78,10,13.1,13.1,275,12.3,4.01,,,,,,,其他業,李亮箴,江慶生
235,2106,建大,30.15,0.2,0.67,10,90.9,90.94,274,60.7,32,,,,,,,橡膠工業,楊啟仁,陳昭榮
236,2204,中華,49.3,-0.15,-0.3,10,55.4,55.36,273,53.5,31.8,,,有,,,,汽車工業,嚴陳莉蓮,陳昭文
237,3374,精材,100.5,0,0,10,27.1,27.14,273,24.3,7.73,有,,有,,,,半導體業,陳家湘,陳家湘
238,00882,中信中國高股息,11.73,0.02,0.17,,,231.6,272,1.9,1.88,,,,,,,N/A,陳國世,張浴澤
239,4123,晟德,45.45,-0.7,-1.52,10,59.5,59.48,270,63.1,19.2,有,,有,,有,,生技醫療業,王素琦,許瑞寶
240,6278,台表科,92.1,0.3,0.33,10,29.2,29.24,269,32.7,18.8,有,,,,,,光電業,伍開雲,伍開雲
241,9907,統一實,17,0,0,10,158,157.9,268,53.7,31.9,,,,,,,其他業,羅智先,徐金成；張祐信
242,2206,三陽工業,33.55,0.1,0.3,10,79.8,79.76,268,61.3,26.4,,,有,,,,汽車工業,吳清源,吳清源
243,2441,超豐,46.6,-0.35,-0.75,10,56.9,56.88,265,39.8,22.2,有,,,,,,半導體業,謝永達,甯鑑超
244,6533,晶心科,515,4,0.78,10,5.07,5.07,261,17.8,5.77,,,有,,,,半導體業,林志明,蘇泓萌
245,3005,神基,43.3,0,0,10,60.2,60.01,260,33.2,20.8,,,,,,,電腦及週邊設備業,黃明漢,黃明漢
246,2458,義隆,85.3,-0.6,-0.7,10,30.4,30.39,259,28.6,21.3,有,,有,,,,半導體業,葉儀皓,葉儀皓
247,8478,東哥遊艇,290,-11.5,-3.81,10,8.89,8.89,258,44.9,5.03,,,有,,,,其他業,闕慶承,曾雄威
248,6213,聯茂,71,-1.2,-1.66,10,36.3,36.3,258,25.7,20,有,,有,有,,,電子零組件業,陳進財,蔡馨(日彗)
249,3682,亞太電,5.96,0.05,0.85,10,432,431.7,257,22.6,9.38,,,,,有,,通信網路業,陳鵬,陳鵬
250,4915,致伸,55.9,0.7,1.27,10,45.8,45.83,256,16.8,10.2,,,有,,,,電子零組件業,梁立省,梁立省
251,00893,國泰智能電動車,11.24,-0.04,-0.35,,,225.9,254,1.5,1.48,,,,,,,N/A,張錫,張雍川
252,00785B,富邦金融投等債,33.99,-0.37,-1.08,,,74.65,254,3.8,3.74,,,,,,,N/A,史綱,李明州
253,6469,大樹,284.5,-1.5,-0.52,10,8.91,8.91,254,21.6,6.73,,,有,有,,,生技醫療業,鄭明龍,鄭明龍
254,2887E,台新戊特,50.7,0,0,,,50,254,,5.86,,,,,,,金控業,,
255,3042,晶技,81.8,-1.2,-1.45,10,31,30.98,253,39,21.8,有,,,,,,電子零組件業,林萬興,郭雅屏
256,2723,美食-KY,139,2.5,1.83,10,18,18,250,14.2,12.1,,,有,,,,觀光事業,吳政學,吳政學
257,1723,中碳,105.5,0.5,0.48,10,23.7,23.69,250,33.9,24.1,,,,,,,化學工業,杜清芳,方明達
258,1304,台聚,20.95,0.25,1.21,10,119,118.9,249,57.6,50.6,,,,,,,塑膠工業,吳亦圭,吳培基
259,3264,欣銓,49.9,1.7,3.53,10,49,49.02,245,23.2,18,有,,有,有,,,半導體業,盧志遠,張季明
260,2548,華固,88.3,0.3,0.34,10,27.7,27.68,244,33.7,22.4,有,,,有,,,建材營造業,鍾榮昌,洪嘉昇
261,1319,東陽,41.1,-0.7,-1.67,10,59.1,59.15,243,55.1,28,有,,有,,,,汽車工業,吳永豐,吳永祥
262,9939,宏全,84,-0.1,-0.12,10,28.8,28.78,242,53.4,21.8,有,,有,有,,,其他業,戴宏全,曹世忠
263,6005,群益證,11.05,-0.1,-0.9,10,217,217.1,240,34.5,27.3,,,,,,,證券業,王濬智,李文柱
264,1707,葡萄王,161.5,5.5,3.53,10,14.8,14.81,239,51.7,40,有,,,,有,,生技醫療業,曾盛麟,曾盛麟
265,4770,上品,301.5,15.5,5.42,10,7.9,7.85,237,41.2,1,,,,,,,化學工業,侯嘉生,侯嘉生
266,2539,櫻花建,31.95,0.05,0.16,10,73.5,73.46,235,35.6,25.4,,,,有,,,建材營造業,陳正釭,陳世英
267,8150,南茂,32.2,-0.25,-0.77,10,72.7,72.72,234,25.4,8.7,有,,有,,,,半導體業,鄭世杰,鄭世杰
268,6547,高端疫苗,71.2,-0.8,-1.11,10,32.8,32.78,233,10.2,4.68,有,,有,,,,生技醫療業,張世忠,陳燦堅
269,2481,強茂,60.6,-0.6,-0.98,10,38.3,38.28,232,36.6,21.3,有,,,,,,半導體業,方敏清,方敏清
270,2855,統一證,15.85,0.2,1.28,10,146,145.6,231,34,23.8,,,,,,,證券業,林寬成,蔡森部
271,2867,三商壽,5.62,0,0,10,410,410,230,29.5,10,,,有,有,,,保險業,翁肇喜,陳宏昇
272,3703,欣陸,27.85,0.1,0.36,10,82.3,82.32,229,12.7,12.7,,,,,,,建材營造業,殷琪,張方欣
273,6196,帆宣,117.5,1.5,1.29,10,19.5,19.5,229,34,20.2,,,有,有,,,其他電子業,高新明,林育業
274,2897,王道銀行,8.32,-0.04,-0.48,10,303,273.4,227,23.4,5.63,,,,有,,有,銀行業,駱怡君,李芳遠
275,1736,喬山,74.9,-0.8,-1.06,10,30.4,30.36,227,47.2,20,,,,,,,生技醫療業,羅崑泉,羅光廷
276,1215,卜蜂,77,-0.5,-0.65,10,29.5,29.48,227,45.3,35.4,,,,,,,食品工業,鄭武樾,許瑞通
277,3218,大學光,283,8,2.91,10,7.99,7.99,226,28.4,18.1,,,有,有,,,生技醫療業,歐淑芳,盧政宏
278,1232,大統益,141,-2,-1.4,10,16,16,226,40.6,26.9,,,,,,,食品工業,羅智先,陳昭良
279,6182,合晶,41.65,-0.2,-0.48,10,54.1,54.09,225,25.4,20.6,有,,有,有,,,半導體業,焦平海,張憲元
280,3592,瑞鼎,297,1.5,0.51,10,7.59,7.59,225,19.2,0.96,,,有,,,,半導體業,黃裕國,黃裕國
281,6146,耕興,231.5,11,4.99,10,9.7,9.7,225,25.6,20.9,,,,有,,,其他電子業,黃文亮,黃文亮
282,2597,潤弘,121,0.5,0.41,10,18.5,18.5,224,47.1,12.7,,,,,,,建材營造業,李志宏,莫惟瀚
283,00764B,群益25年美債,33.07,-0.17,-0.51,,,67.4,223,4,3.99,,,,,,,N/A,賴政昇,陳明輝
284,2103,台橡,26.95,0.05,0.19,10,82.6,82.57,223,49.1,40.2,,,,,,,橡膠工業,殷琪,蔡偉強
285,2338,光罩,85.7,-0.1,-0.12,10,25.6,25.57,219,34.2,27.7,有,,有,有,,,半導體業,陳正翔,陳立惇
286,2211,長榮鋼,52.4,1.4,2.75,10,41.7,41.71,219,49.9,1.69,,,,,,,鋼鐵工業,林耿立,劉邦恩
287,6257,矽格,48.2,-0.05,-0.1,10,45.7,45.27,218,34,19.3,有,,,有,,,半導體業,黃興陽,葉燦鍊
288,00637L,元大滬深300正2,15.01,0.2,1.35,,,144.1,216,7.6,7.6,,,有,,,,N/A,劉宗聖,謝忠賢
289,3596,智易,98,0.1,0.1,10,22,22.04,216,19.6,13.8,,,,有,,,通信網路業,陳瑞聰,曾釗鵬
290,4961,天鈺,114,-1,-0.87,10,18.7,18.65,213,27.5,4.18,,,有,,,,半導體業,林永杰,邱淑慧
291,3680,家登,250.5,3.5,1.42,10,8.41,8.42,211,24.8,11.3,,,有,,,,半導體業,邱銘乾,林添瑞
292,8070,長華*,30.45,0.25,0.83,1,6.89,68.94,210,33.6,19.1,,,,,,,電子通路業,黃嘉能,黃俊勳
293,6414,樺漢,197,-1.5,-0.76,10,10.6,10.6,209,23.4,8.74,有,,有,,有,,電腦及週邊設備業,朱復銓,蔡能吉
294,00885,富邦越南,11.19,0.1,0.9,,,186.3,208,1.7,1.68,,,有,,,,N/A,史綱,李明州
295,5534,長虹,71.5,-0.3,-0.42,10,29,29.03,208,47,20.7,有,,,有,,,建材營造業,李文造,李耀中
296,8016,矽創,172.5,0,0,10,12,12.01,207,30.5,19,,,,,,,半導體業,毛穎文,王崴
297,4105,東洋,82.5,0.8,0.98,10,24.9,24.86,205,62.4,21.2,,,,,,,生技醫療業,林全,侯靜蘭
298,5371,中光電,52.4,-0.2,-0.38,10,39.1,39.1,205,30.5,23.9,有,,有,,,,光電業,張威儀,林惠姿 陳士元 吳秀蕙
299,2312,金寶,13.7,0.05,0.37,10,149,149.3,205,49.7,33.1,,,有,,,,其他電子業,許勝雄,陳威昌
300,1789,神隆,25.7,0.05,0.19,10,79.1,79.07,203,25.1,11.2,,,,,,,生技醫療業,羅智先,盧麗安
